payment_id,amount,failure_reason,action_taken,execution_status,recovered,recovered_amount
E00000,141.0,INSUFFICIENT_FUNDS,RETRY_LATER,SUCCESS,True,141.0
E00001,490.47,UNKNOWN,REMINDER,SUCCESS,True,490.47
E00002,1193.16,INSUFFICIENT_FUNDS,RETRY_LATER,SUCCESS,True,1193.16
E00003,1089.74,BANK_TIMEOUT,RETRY_LATER,SUCCESS,True,1089.74
E00004,620.05,INSUFFICIENT_FUNDS,RETRY_LATER,TIMEOUT,False,0.0
E00005,2222.46,EXPIRED_CARD,PAYMENT_LINK,SUCCESS,True,2222.46
E00006,266.42,CHECKOUT_ABANDONED,REMINDER,SUCCESS,True,266.42
E00007,635.89,INSUFFICIENT_FUNDS,RETRY_LATER,SUCCESS,True,635.89
E00008,531.09,NETWORK_ERROR,RETRY_NOW,FAILED,False,0.0
E00009,2588.06,NETWORK_ERROR,RETRY_NOW,SUCCESS,True,2588.06
E00010,2193.96,CHECKOUT_ABANDONED,REMINDER,FAILED,False,0.0
E00011,1849.36,MANDATE_AUTH_FAILED,PAYMENT_LINK,FAILED,False,0.0
E00012,886.76,INSUFFICIENT_FUNDS,RETRY_LATER,SUCCESS,True,886.76
E00013,704.82,INSUFFICIENT_FUNDS,RETRY_LATER,SUCCESS,True,704.82
E00014,1993.91,CHECKOUT_ABANDONED,REMINDER,SUCCESS,True,1993.91
E00015,301.38,NETWORK_ERROR,RETRY_NOW,FAILED,False,0.0
E00016,339.44,BANK_TIMEOUT,RETRY_LATER,SUCCESS,True,339.44
E00017,1079.12,NETWORK_ERROR,RETRY_NOW,SUCCESS,True,1079.12
E00018,3934.78,MANDATE_AUTH_FAILED,PAYMENT_LINK,FAILED,False,0.0
E00019,1663.43,EXPIRED_CARD,PAYMENT_LINK,SUCCESS,True,1663.43
E00020,3663.31,CHECKOUT_ABANDONED,REMINDER,SUCCESS,True,3663.31
E00021,1788.96,BANK_TIMEOUT,RETRY_LATER,FAILED,False,0.0
E00022,1010.6,CHECKOUT_ABANDONED,REMINDER,SUCCESS,True,1010.6
E00023,1817.85,EXPIRED_CARD,PAYMENT_LINK,SUCCESS,True,1817.85
E00024,1408.85,BANK_TIMEOUT,ESCALATE,FAILED,False,0.0
E00025,440.36,MANDATE_AUTH_FAILED,PAYMENT_LINK,FAILED,False,0.0
E00026,462.16,NETWORK_ERROR,RETRY_NOW,SUCCESS,True,462.16
E00027,1743.81,NETWORK_ERROR,RETRY_NOW,SUCCESS,True,1743.81
E00028,497.23,NETWORK_ERROR,RETRY_NOW,SUCCESS,True,497.23
E00029,3813.24,EXPIRED_CARD,PAYMENT_LINK,FAILED,False,0.0
E00030,754.52,MANDATE_AUTH_FAILED,PAYMENT_LINK,FAILED,False,0.0
E00031,2083.3,BANK_TIMEOUT,RETRY_LATER,SUCCESS,True,2083.3
E00032,823.87,EXPIRED_CARD,PAYMENT_LINK,FAILED,False,0.0
E00033,3938.34,BANK_TIMEOUT,RETRY_LATER,FAILED,False,0.0
E00034,1505.09,BANK_TIMEOUT,RETRY_LATER,SUCCESS,True,1505.09
E00035,6922.65,UNKNOWN,REMINDER,SUCCESS,True,6922.65
E00036,1212.77,MANDATE_AUTH_FAILED,PAYMENT_LINK,FAILED,False,0.0
E00037,3058.03,EXPIRED_CARD,PAYMENT_LINK,FAILED,False,0.0
E00038,1866.79,BANK_TIMEOUT,RETRY_LATER,SUCCESS,True,1866.79
E00039,1777.7,EXPIRED_CARD,PAYMENT_LINK,SUCCESS,True,1777.7
E00040,1916.79,NETWORK_ERROR,RETRY_NOW,SUCCESS,True,1916.79
E00041,228.09,BANK_TIMEOUT,RETRY_LATER,SUCCESS,True,228.09
E00042,1523.52,UNKNOWN,REMINDER,SUCCESS,True,1523.52
E00043,4179.67,BANK_TIMEOUT,RETRY_LATER,SUCCESS,True,4179.67
E00044,1163.41,NETWORK_ERROR,RETRY_NOW,SUCCESS,True,1163.41
E00045,903.35,BANK_TIMEOUT,RETRY_LATER,SUCCESS,True,903.35
E00046,2440.45,EXPIRED_CARD,PAYMENT_LINK,FAILED,False,0.0
E00047,910.3,NETWORK_ERROR,RETRY_NOW,SUCCESS,True,910.3
E00048,1778.92,NETWORK_ERROR,RETRY_NOW,SUCCESS,True,1778.92
E00049,2124.18,MANDATE_AUTH_FAILED,PAYMENT_LINK,FAILED,False,0.0
E00050,897.5,INSUFFICIENT_FUNDS,RETRY_LATER,SUCCESS,True,897.5
E00051,1917.77,INSUFFICIENT_FUNDS,RETRY_LATER,SUCCESS,True,1917.77
E00052,1350.75,EXPIRED_CARD,PAYMENT_LINK,SUCCESS,True,1350.75
E00053,3404.08,CHECKOUT_ABANDONED,REMINDER,SUCCESS,True,3404.08
E00054,302.69,INSUFFICIENT_FUNDS,RETRY_LATER,SUCCESS,True,302.69
E00055,1041.62,MANDATE_AUTH_FAILED,PAYMENT_LINK,FAILED,False,0.0
E00056,868.98,EXPIRED_CARD,PAYMENT_LINK,SUCCESS,True,868.98
E00057,1659.36,INSUFFICIENT_FUNDS,RETRY_LATER,FAILED,False,0.0
E00058,2332.0,NETWORK_ERROR,RETRY_NOW,FAILED,False,0.0
E00059,329.88,NETWORK_ERROR,RETRY_NOW,FAILED,False,0.0
E00060,1943.24,EXPIRED_CARD,PAYMENT_LINK,SUCCESS,True,1943.24
E00061,2109.15,INSUFFICIENT_FUNDS,RETRY_LATER,SUCCESS,True,2109.15
E00062,141.93,MANDATE_AUTH_FAILED,PAYMENT_LINK,SUCCESS,True,141.93
E00063,651.57,BANK_TIMEOUT,RETRY_LATER,SUCCESS,True,651.57
E00064,1374.88,NETWORK_ERROR,RETRY_NOW,SUCCESS,True,1374.88
E00065,2508.92,INSUFFICIENT_FUNDS,RETRY_LATER,SUCCESS,True,2508.92
E00066,1421.36,BANK_TIMEOUT,RETRY_LATER,SUCCESS,True,1421.36
E00067,1602.22,BANK_TIMEOUT,RETRY_LATER,SUCCESS,True,1602.22
E00068,1218.02,CHECKOUT_ABANDONED,REMINDER,FAILED,False,0.0
E00069,3281.4,EXPIRED_CARD,PAYMENT_LINK,SUCCESS,True,3281.4
E00070,3631.52,INSUFFICIENT_FUNDS,RETRY_LATER,SUCCESS,True,3631.52
E00071,850.13,CHECKOUT_ABANDONED,REMINDER,FAILED,False,0.0
E00072,2092.96,CHECKOUT_ABANDONED,REMINDER,SUCCESS,True,2092.96
E00073,2423.26,CHECKOUT_ABANDONED,REMINDER,SUCCESS,True,2423.26
E00074,904.63,NETWORK_ERROR,RETRY_NOW,SUCCESS,True,904.63
E00075,3133.27,MANDATE_AUTH_FAILED,PAYMENT_LINK,FAILED,False,0.0
E00076,441.09,UNKNOWN,REMINDER,SUCCESS,True,441.09
E00077,816.39,NETWORK_ERROR,RETRY_NOW,SUCCESS,True,816.39
E00078,995.34,CHECKOUT_ABANDONED,REMINDER,FAILED,False,0.0
E00079,5008.15,EXPIRED_CARD,PAYMENT_LINK,TIMEOUT,False,0.0
E00080,1044.03,EXPIRED_CARD,PAYMENT_LINK,FAILED,False,0.0
E00081,2511.11,MANDATE_AUTH_FAILED,PAYMENT_LINK,FAILED,False,0.0
E00082,573.34,BANK_TIMEOUT,RETRY_LATER,SUCCESS,True,573.34
E00083,2472.86,NETWORK_ERROR,RETRY_NOW,FAILED,False,0.0
E00084,1606.65,CHECKOUT_ABANDONED,REMINDER,FAILED,False,0.0
E00085,438.75,EXPIRED_CARD,PAYMENT_LINK,SUCCESS,True,438.75
E00086,513.93,BANK_TIMEOUT,ESCALATE,FAILED,False,0.0
E00087,3144.16,INSUFFICIENT_FUNDS,RETRY_LATER,FAILED,False,0.0
E00088,306.63,MANDATE_AUTH_FAILED,PAYMENT_LINK,FAILED,False,0.0
E00089,3749.84,INSUFFICIENT_FUNDS,RETRY_LATER,FAILED,False,0.0
E00090,477.73,BANK_TIMEOUT,RETRY_LATER,SUCCESS,True,477.73
E00091,1399.31,INSUFFICIENT_FUNDS,ESCALATE,TIMEOUT,False,0.0
E00092,1247.95,BANK_TIMEOUT,RETRY_LATER,SUCCESS,True,1247.95
E00093,4615.46,EXPIRED_CARD,ESCALATE,FAILED,False,0.0
E00094,1095.39,EXPIRED_CARD,ESCALATE,FAILED,False,0.0
E00095,6285.65,BANK_TIMEOUT,RETRY_LATER,FAILED,False,0.0
E00096,438.64,INSUFFICIENT_FUNDS,RETRY_LATER,SUCCESS,True,438.64
E00097,784.11,INSUFFICIENT_FUNDS,RETRY_LATER,SUCCESS,True,784.11
E00098,649.18,BANK_TIMEOUT,RETRY_LATER,FAILED,False,0.0
E00099,430.82,UNKNOWN,REMINDER,FAILED,False,0.0
E00100,607.93,CHECKOUT_ABANDONED,REMINDER,FAILED,False,0.0
E00101,1554.58,INSUFFICIENT_FUNDS,RETRY_LATER,SUCCESS,True,1554.58
E00102,677.28,EXPIRED_CARD,PAYMENT_LINK,FAILED,False,0.0
E00103,1233.42,BANK_TIMEOUT,RETRY_LATER,FAILED,False,0.0
E00104,3271.15,INSUFFICIENT_FUNDS,RETRY_LATER,SUCCESS,True,3271.15
E00105,894.07,MANDATE_AUTH_FAILED,PAYMENT_LINK,SUCCESS,True,894.07
E00106,871.36,CHECKOUT_ABANDONED,REMINDER,FAILED,False,0.0
E00107,3563.99,MANDATE_AUTH_FAILED,PAYMENT_LINK,SUCCESS,True,3563.99
E00108,2807.95,UNKNOWN,REMINDER,FAILED,False,0.0
E00109,1132.71,MANDATE_AUTH_FAILED,PAYMENT_LINK,SUCCESS,True,1132.71
E00110,638.88,BANK_TIMEOUT,RETRY_LATER,FAILED,False,0.0
E00111,591.6,MANDATE_AUTH_FAILED,PAYMENT_LINK,SUCCESS,True,591.6
E00112,2865.17,CHECKOUT_ABANDONED,REMINDER,FAILED,False,0.0
E00113,1004.99,EXPIRED_CARD,PAYMENT_LINK,SUCCESS,True,1004.99
E00114,1228.54,BANK_TIMEOUT,RETRY_LATER,SUCCESS,True,1228.54
E00115,883.1,NETWORK_ERROR,RETRY_NOW,TIMEOUT,False,0.0
E00116,385.6,CHECKOUT_ABANDONED,REMINDER,FAILED,False,0.0
E00117,1054.79,CHECKOUT_ABANDONED,REMINDER,FAILED,False,0.0
E00118,1350.16,CHECKOUT_ABANDONED,REMINDER,FAILED,False,0.0
E00119,1052.94,BANK_TIMEOUT,RETRY_LATER,SUCCESS,True,1052.94
E00120,1730.55,INSUFFICIENT_FUNDS,RETRY_LATER,SUCCESS,True,1730.55
E00121,2025.51,NETWORK_ERROR,RETRY_NOW,SUCCESS,True,2025.51
E00122,779.59,BANK_TIMEOUT,RETRY_LATER,SUCCESS,True,779.59
E00123,311.32,BANK_TIMEOUT,RETRY_LATER,FAILED,False,0.0
E00124,1239.93,BANK_TIMEOUT,ESCALATE,FAILED,False,0.0
E00125,2005.04,UNKNOWN,REMINDER,FAILED,False,0.0
E00126,1917.31,CHECKOUT_ABANDONED,ESCALATE,FAILED,False,0.0
E00127,438.18,INSUFFICIENT_FUNDS,RETRY_LATER,FAILED,False,0.0
E00128,3895.43,INSUFFICIENT_FUNDS,RETRY_LATER,SUCCESS,True,3895.43
E00129,1538.86,MANDATE_AUTH_FAILED,PAYMENT_LINK,SUCCESS,True,1538.86
E00130,3085.99,BANK_TIMEOUT,RETRY_LATER,TIMEOUT,False,0.0
E00131,1211.94,UNKNOWN,REMINDER,FAILED,False,0.0
E00132,873.3,INSUFFICIENT_FUNDS,ESCALATE,FAILED,False,0.0
E00133,2006.15,BANK_TIMEOUT,RETRY_LATER,SUCCESS,True,2006.15
E00134,3414.45,INSUFFICIENT_FUNDS,RETRY_LATER,FAILED,False,0.0
E00135,1697.51,CHECKOUT_ABANDONED,REMINDER,SUCCESS,True,1697.51
E00136,1180.5,INSUFFICIENT_FUNDS,RETRY_LATER,SUCCESS,True,1180.5
E00137,135.98,CHECKOUT_ABANDONED,REMINDER,FAILED,False,0.0
E00138,1370.35,BANK_TIMEOUT,RETRY_LATER,FAILED,False,0.0
E00139,839.58,BANK_TIMEOUT,RETRY_LATER,FAILED,False,0.0
E00140,455.39,EXPIRED_CARD,PAYMENT_LINK,SUCCESS,True,455.39
E00141,629.21,EXPIRED_CARD,PAYMENT_LINK,SUCCESS,True,629.21
E00142,259.99,NETWORK_ERROR,RETRY_NOW,SUCCESS,True,259.99
E00143,3159.41,BANK_TIMEOUT,RETRY_LATER,FAILED,False,0.0
E00144,3335.07,UNKNOWN,REMINDER,FAILED,False,0.0
E00145,326.45,EXPIRED_CARD,PAYMENT_LINK,FAILED,False,0.0
E00146,783.65,BANK_TIMEOUT,RETRY_LATER,SUCCESS,True,783.65
E00147,538.07,NETWORK_ERROR,RETRY_NOW,FAILED,False,0.0
E00148,2600.34,EXPIRED_CARD,PAYMENT_LINK,SUCCESS,True,2600.34
E00149,3608.38,MANDATE_AUTH_FAILED,PAYMENT_LINK,SUCCESS,True,3608.38
E00150,2600.5,BANK_TIMEOUT,RETRY_LATER,SUCCESS,True,2600.5
E00151,628.28,EXPIRED_CARD,PAYMENT_LINK,FAILED,False,0.0
E00152,2241.03,NETWORK_ERROR,RETRY_NOW,SUCCESS,True,2241.03
E00153,274.34,BANK_TIMEOUT,RETRY_LATER,SUCCESS,True,274.34
E00154,3213.86,BANK_TIMEOUT,RETRY_LATER,FAILED,False,0.0
E00155,1476.81,CHECKOUT_ABANDONED,REMINDER,SUCCESS,True,1476.81
E00156,1688.56,MANDATE_AUTH_FAILED,PAYMENT_LINK,SUCCESS,True,1688.56
E00157,1517.73,MANDATE_AUTH_FAILED,PAYMENT_LINK,FAILED,False,0.0
E00158,1550.11,CHECKOUT_ABANDONED,REMINDER,SUCCESS,True,1550.11
E00159,702.1,INSUFFICIENT_FUNDS,RETRY_LATER,FAILED,False,0.0
E00160,1368.78,EXPIRED_CARD,PAYMENT_LINK,SUCCESS,True,1368.78
E00161,2414.13,NETWORK_ERROR,RETRY_NOW,FAILED,False,0.0
E00162,609.15,BANK_TIMEOUT,RETRY_LATER,TIMEOUT,False,0.0
E00163,1474.57,INSUFFICIENT_FUNDS,RETRY_LATER,SUCCESS,True,1474.57
E00164,656.68,CHECKOUT_ABANDONED,REMINDER,TIMEOUT,False,0.0
E00165,2630.99,BANK_TIMEOUT,RETRY_LATER,FAILED,False,0.0
E00166,3077.07,MANDATE_AUTH_FAILED,PAYMENT_LINK,SUCCESS,True,3077.07
E00167,654.4,MANDATE_AUTH_FAILED,PAYMENT_LINK,FAILED,False,0.0
E00168,1616.08,EXPIRED_CARD,PAYMENT_LINK,SUCCESS,True,1616.08
E00169,839.88,BANK_TIMEOUT,RETRY_LATER,SUCCESS,True,839.88
E00170,329.8,EXPIRED_CARD,ESCALATE,SUCCESS,True,329.8
E00171,786.09,CHECKOUT_ABANDONED,REMINDER,SUCCESS,True,786.09
E00172,678.18,CHECKOUT_ABANDONED,REMINDER,FAILED,False,0.0
E00173,141.65,CHECKOUT_ABANDONED,REMINDER,SUCCESS,True,141.65
E00174,2451.07,CHECKOUT_ABANDONED,REMINDER,FAILED,False,0.0
E00175,1130.09,BANK_TIMEOUT,RETRY_LATER,SUCCESS,True,1130.09
E00176,3612.65,CHECKOUT_ABANDONED,REMINDER,FAILED,False,0.0
E00177,3935.02,INSUFFICIENT_FUNDS,RETRY_LATER,SUCCESS,True,3935.02
E00178,488.12,CHECKOUT_ABANDONED,REMINDER,FAILED,False,0.0
E00179,2461.71,EXPIRED_CARD,PAYMENT_LINK,SUCCESS,True,2461.71
E00180,1205.17,UNKNOWN,REMINDER,SUCCESS,True,1205.17
E00181,5431.29,INSUFFICIENT_FUNDS,RETRY_LATER,SUCCESS,True,5431.29
E00182,2842.8,MANDATE_AUTH_FAILED,ESCALATE,FAILED,False,0.0
E00183,2734.94,BANK_TIMEOUT,RETRY_LATER,SUCCESS,True,2734.94
E00184,1042.73,BANK_TIMEOUT,RETRY_LATER,SUCCESS,True,1042.73
E00185,1444.08,BANK_TIMEOUT,ESCALATE,SUCCESS,True,1444.08
E00186,515.59,NETWORK_ERROR,RETRY_NOW,SUCCESS,True,515.59
E00187,2970.85,NETWORK_ERROR,RETRY_NOW,SUCCESS,True,2970.85
E00188,359.83,INSUFFICIENT_FUNDS,RETRY_LATER,FAILED,False,0.0
E00189,4004.12,NETWORK_ERROR,RETRY_NOW,SUCCESS,True,4004.12
E00190,347.81,INSUFFICIENT_FUNDS,RETRY_LATER,SUCCESS,True,347.81
E00191,330.84,INSUFFICIENT_FUNDS,RETRY_LATER,TIMEOUT,False,0.0
E00192,2649.38,INSUFFICIENT_FUNDS,RETRY_LATER,SUCCESS,True,2649.38
E00193,686.79,NETWORK_ERROR,RETRY_NOW,SUCCESS,True,686.79
E00194,726.55,INSUFFICIENT_FUNDS,RETRY_LATER,FAILED,False,0.0
E00195,1353.28,BANK_TIMEOUT,RETRY_LATER,SUCCESS,True,1353.28
E00196,1366.17,BANK_TIMEOUT,RETRY_LATER,SUCCESS,True,1366.17
E00197,108.31,BANK_TIMEOUT,RETRY_LATER,FAILED,False,0.0
E00198,290.21,UNKNOWN,REMINDER,FAILED,False,0.0
E00199,1418.74,UNKNOWN,REMINDER,FAILED,False,0.0
E00200,102.08,EXPIRED_CARD,PAYMENT_LINK,FAILED,False,0.0
E00201,1839.26,NETWORK_ERROR,RETRY_NOW,FAILED,False,0.0
E00202,4417.63,BANK_TIMEOUT,RETRY_LATER,SUCCESS,True,4417.63
E00203,683.66,INSUFFICIENT_FUNDS,RETRY_LATER,SUCCESS,True,683.66
E00204,1094.05,UNKNOWN,REMINDER,FAILED,False,0.0
E00205,2521.54,INSUFFICIENT_FUNDS,RETRY_LATER,SUCCESS,True,2521.54
E00206,1205.48,CHECKOUT_ABANDONED,ESCALATE,FAILED,False,0.0
E00207,941.91,BANK_TIMEOUT,RETRY_LATER,FAILED,False,0.0
E00208,744.25,CHECKOUT_ABANDONED,REMINDER,SUCCESS,True,744.25
E00209,1312.52,INSUFFICIENT_FUNDS,RETRY_LATER,SUCCESS,True,1312.52
E00210,533.53,BANK_TIMEOUT,RETRY_LATER,SUCCESS,True,533.53
E00211,1332.41,BANK_TIMEOUT,RETRY_LATER,FAILED,False,0.0
E00212,142.53,CHECKOUT_ABANDONED,REMINDER,FAILED,False,0.0
E00213,1351.56,NETWORK_ERROR,RETRY_NOW,FAILED,False,0.0
E00214,709.52,INSUFFICIENT_FUNDS,RETRY_LATER,FAILED,False,0.0
E00215,641.97,CHECKOUT_ABANDONED,REMINDER,TIMEOUT,False,0.0
E00216,1496.03,NETWORK_ERROR,RETRY_NOW,SUCCESS,True,1496.03
E00217,1233.94,INSUFFICIENT_FUNDS,RETRY_LATER,SUCCESS,True,1233.94
E00218,1374.37,BANK_TIMEOUT,RETRY_LATER,SUCCESS,True,1374.37
E00219,1440.8,BANK_TIMEOUT,RETRY_LATER,SUCCESS,True,1440.8
E00220,3036.03,EXPIRED_CARD,PAYMENT_LINK,SUCCESS,True,3036.03
E00221,3223.02,EXPIRED_CARD,PAYMENT_LINK,TIMEOUT,False,0.0
E00222,685.95,EXPIRED_CARD,PAYMENT_LINK,SUCCESS,True,685.95
E00223,547.48,INSUFFICIENT_FUNDS,RETRY_LATER,FAILED,False,0.0
E00224,1278.37,EXPIRED_CARD,PAYMENT_LINK,SUCCESS,True,1278.37
E00225,1175.91,BANK_TIMEOUT,RETRY_LATER,FAILED,False,0.0
E00226,3876.55,INSUFFICIENT_FUNDS,RETRY_LATER,SUCCESS,True,3876.55
E00227,2487.59,CHECKOUT_ABANDONED,REMINDER,SUCCESS,True,2487.59
E00228,1751.61,BANK_TIMEOUT,RETRY_LATER,SUCCESS,True,1751.61
E00229,984.5,CHECKOUT_ABANDONED,REMINDER,FAILED,False,0.0
E00230,1482.65,BANK_TIMEOUT,RETRY_LATER,SUCCESS,True,1482.65
E00231,1484.1,UNKNOWN,REMINDER,FAILED,False,0.0
E00232,2674.15,INSUFFICIENT_FUNDS,RETRY_LATER,FAILED,False,0.0
E00233,895.26,BANK_TIMEOUT,RETRY_LATER,FAILED,False,0.0
E00234,527.05,INSUFFICIENT_FUNDS,RETRY_LATER,FAILED,False,0.0
E00235,3049.22,INSUFFICIENT_FUNDS,RETRY_LATER,FAILED,False,0.0
E00236,1541.42,BANK_TIMEOUT,RETRY_LATER,SUCCESS,True,1541.42
E00237,3158.6,CHECKOUT_ABANDONED,REMINDER,SUCCESS,True,3158.6
E00238,6247.61,NETWORK_ERROR,RETRY_NOW,SUCCESS,True,6247.61
E00239,1225.21,BANK_TIMEOUT,RETRY_LATER,FAILED,False,0.0
E00240,104.98,EXPIRED_CARD,PAYMENT_LINK,FAILED,False,0.0
E00241,3268.85,MANDATE_AUTH_FAILED,PAYMENT_LINK,FAILED,False,0.0
E00242,1582.71,MANDATE_AUTH_FAILED,PAYMENT_LINK,SUCCESS,True,1582.71
E00243,239.86,INSUFFICIENT_FUNDS,RETRY_LATER,FAILED,False,0.0
E00244,3248.01,MANDATE_AUTH_FAILED,PAYMENT_LINK,FAILED,False,0.0
E00245,2415.72,INSUFFICIENT_FUNDS,RETRY_LATER,SUCCESS,True,2415.72
E00246,1582.37,INSUFFICIENT_FUNDS,RETRY_LATER,SUCCESS,True,1582.37
E00247,592.51,MANDATE_AUTH_FAILED,PAYMENT_LINK,SUCCESS,True,592.51
E00248,2310.6,INSUFFICIENT_FUNDS,RETRY_LATER,SUCCESS,True,2310.6
E00249,4371.03,INSUFFICIENT_FUNDS,ESCALATE,FAILED,False,0.0
E00250,587.5,EXPIRED_CARD,PAYMENT_LINK,FAILED,False,0.0
E00251,1150.41,INSUFFICIENT_FUNDS,RETRY_LATER,FAILED,False,0.0
E00252,1357.48,BANK_TIMEOUT,RETRY_LATER,FAILED,False,0.0
E00253,2907.22,NETWORK_ERROR,RETRY_NOW,SUCCESS,True,2907.22
E00254,1423.06,BANK_TIMEOUT,RETRY_LATER,SUCCESS,True,1423.06
E00255,419.68,MANDATE_AUTH_FAILED,PAYMENT_LINK,SUCCESS,True,419.68
E00256,240.3,EXPIRED_CARD,PAYMENT_LINK,SUCCESS,True,240.3
E00257,787.35,INSUFFICIENT_FUNDS,RETRY_LATER,SUCCESS,True,787.35
E00258,226.68,NETWORK_ERROR,RETRY_NOW,FAILED,False,0.0
E00259,1471.72,BANK_TIMEOUT,RETRY_LATER,SUCCESS,True,1471.72
E00260,1632.03,INSUFFICIENT_FUNDS,RETRY_LATER,FAILED,False,0.0
E00261,4625.23,CHECKOUT_ABANDONED,REMINDER,SUCCESS,True,4625.23
E00262,2600.53,INSUFFICIENT_FUNDS,RETRY_LATER,SUCCESS,True,2600.53
E00263,1045.14,BANK_TIMEOUT,RETRY_LATER,FAILED,False,0.0
E00264,2137.73,CHECKOUT_ABANDONED,REMINDER,TIMEOUT,False,0.0
E00265,718.44,CHECKOUT_ABANDONED,REMINDER,FAILED,False,0.0
E00266,1117.35,EXPIRED_CARD,PAYMENT_LINK,SUCCESS,True,1117.35
E00267,1233.9,UNKNOWN,ESCALATE,SUCCESS,True,1233.9
E00268,1121.76,INSUFFICIENT_FUNDS,RETRY_LATER,SUCCESS,True,1121.76
E00269,2555.96,BANK_TIMEOUT,RETRY_LATER,SUCCESS,True,2555.96
E00270,760.95,EXPIRED_CARD,PAYMENT_LINK,FAILED,False,0.0
E00271,2435.69,MANDATE_AUTH_FAILED,ESCALATE,FAILED,False,0.0
E00272,164.39,NETWORK_ERROR,RETRY_NOW,FAILED,False,0.0
E00273,2913.21,BANK_TIMEOUT,RETRY_LATER,SUCCESS,True,2913.21
E00274,609.34,NETWORK_ERROR,RETRY_NOW,FAILED,False,0.0
E00275,2260.15,INSUFFICIENT_FUNDS,RETRY_LATER,TIMEOUT,False,0.0
E00276,533.94,BANK_TIMEOUT,RETRY_LATER,TIMEOUT,False,0.0
E00277,3452.19,INSUFFICIENT_FUNDS,RETRY_LATER,SUCCESS,True,3452.19
E00278,2878.96,BANK_TIMEOUT,RETRY_LATER,SUCCESS,True,2878.96
E00279,2317.19,MANDATE_AUTH_FAILED,PAYMENT_LINK,SUCCESS,True,2317.19
E00280,319.14,BANK_TIMEOUT,RETRY_LATER,SUCCESS,True,319.14
E00281,1918.51,NETWORK_ERROR,RETRY_NOW,FAILED,False,0.0
E00282,561.16,CHECKOUT_ABANDONED,REMINDER,FAILED,False,0.0
E00283,4557.79,INSUFFICIENT_FUNDS,RETRY_LATER,FAILED,False,0.0
E00284,3674.5,BANK_TIMEOUT,RETRY_LATER,SUCCESS,True,3674.5
E00285,3845.99,BANK_TIMEOUT,RETRY_LATER,FAILED,False,0.0
E00286,358.45,CHECKOUT_ABANDONED,REMINDER,SUCCESS,True,358.45
E00287,941.71,CHECKOUT_ABANDONED,REMINDER,SUCCESS,True,941.71
E00288,2440.27,NETWORK_ERROR,RETRY_NOW,SUCCESS,True,2440.27
E00289,1711.87,CHECKOUT_ABANDONED,REMINDER,SUCCESS,True,1711.87
E00290,1405.92,UNKNOWN,ESCALATE,SUCCESS,True,1405.92
E00291,876.17,BANK_TIMEOUT,RETRY_LATER,SUCCESS,True,876.17
E00292,654.61,CHECKOUT_ABANDONED,REMINDER,SUCCESS,True,654.61
E00293,6500.61,INSUFFICIENT_FUNDS,ESCALATE,FAILED,False,0.0
E00294,718.05,EXPIRED_CARD,PAYMENT_LINK,FAILED,False,0.0
E00295,1954.78,BANK_TIMEOUT,RETRY_LATER,FAILED,False,0.0
E00296,676.88,NETWORK_ERROR,RETRY_NOW,FAILED,False,0.0
E00297,694.17,BANK_TIMEOUT,RETRY_LATER,SUCCESS,True,694.17
E00298,477.17,INSUFFICIENT_FUNDS,RETRY_LATER,FAILED,False,0.0
E00299,3564.79,UNKNOWN,REMINDER,FAILED,False,0.0
E00300,933.07,CHECKOUT_ABANDONED,REMINDER,FAILED,False,0.0
E00301,3333.96,BANK_TIMEOUT,RETRY_LATER,SUCCESS,True,3333.96
E00302,1368.22,MANDATE_AUTH_FAILED,PAYMENT_LINK,SUCCESS,True,1368.22
E00303,465.3,NETWORK_ERROR,RETRY_NOW,FAILED,False,0.0
E00304,4384.87,BANK_TIMEOUT,RETRY_LATER,SUCCESS,True,4384.87
E00305,1070.95,NETWORK_ERROR,RETRY_NOW,SUCCESS,True,1070.95
E00306,1343.91,UNKNOWN,REMINDER,SUCCESS,True,1343.91
E00307,657.79,EXPIRED_CARD,PAYMENT_LINK,SUCCESS,True,657.79
E00308,361.78,MANDATE_AUTH_FAILED,PAYMENT_LINK,FAILED,False,0.0
E00309,3012.23,EXPIRED_CARD,PAYMENT_LINK,FAILED,False,0.0
E00310,326.43,CHECKOUT_ABANDONED,REMINDER,SUCCESS,True,326.43
E00311,2206.32,BANK_TIMEOUT,RETRY_LATER,SUCCESS,True,2206.32
E00312,400.3,MANDATE_AUTH_FAILED,PAYMENT_LINK,FAILED,False,0.0
E00313,699.26,NETWORK_ERROR,RETRY_NOW,SUCCESS,True,699.26
E00314,1295.48,EXPIRED_CARD,PAYMENT_LINK,SUCCESS,True,1295.48
E00315,2002.21,CHECKOUT_ABANDONED,ESCALATE,FAILED,False,0.0
E00316,868.52,INSUFFICIENT_FUNDS,RETRY_LATER,FAILED,False,0.0
E00317,3257.07,EXPIRED_CARD,PAYMENT_LINK,SUCCESS,True,3257.07
E00318,3760.59,MANDATE_AUTH_FAILED,PAYMENT_LINK,SUCCESS,True,3760.59
E00319,357.05,INSUFFICIENT_FUNDS,RETRY_LATER,FAILED,False,0.0
E00320,196.73,BANK_TIMEOUT,RETRY_LATER,SUCCESS,True,196.73
E00321,1024.71,BANK_TIMEOUT,RETRY_LATER,FAILED,False,0.0
E00322,5374.37,UNKNOWN,REMINDER,FAILED,False,0.0
E00323,1290.63,CHECKOUT_ABANDONED,REMINDER,SUCCESS,True,1290.63
E00324,99.0,MANDATE_AUTH_FAILED,PAYMENT_LINK,FAILED,False,0.0
E00325,600.98,UNKNOWN,REMINDER,FAILED,False,0.0
E00326,562.26,MANDATE_AUTH_FAILED,PAYMENT_LINK,TIMEOUT,False,0.0
E00327,697.41,CHECKOUT_ABANDONED,REMINDER,TIMEOUT,False,0.0
E00328,1625.81,EXPIRED_CARD,PAYMENT_LINK,FAILED,False,0.0
E00329,1394.2,EXPIRED_CARD,PAYMENT_LINK,SUCCESS,True,1394.2
E00330,452.24,NETWORK_ERROR,RETRY_NOW,TIMEOUT,False,0.0
E00331,2099.08,BANK_TIMEOUT,RETRY_LATER,FAILED,False,0.0
E00332,462.06,BANK_TIMEOUT,RETRY_LATER,FAILED,False,0.0
E00333,415.7,EXPIRED_CARD,PAYMENT_LINK,SUCCESS,True,415.7
E00334,1650.23,CHECKOUT_ABANDONED,REMINDER,SUCCESS,True,1650.23
E00335,458.7,INSUFFICIENT_FUNDS,RETRY_LATER,FAILED,False,0.0
E00336,1657.49,UNKNOWN,REMINDER,FAILED,False,0.0
E00337,2972.85,MANDATE_AUTH_FAILED,PAYMENT_LINK,FAILED,False,0.0
E00338,1056.77,NETWORK_ERROR,RETRY_NOW,FAILED,False,0.0
E00339,616.08,UNKNOWN,REMINDER,TIMEOUT,False,0.0
E00340,1909.39,INSUFFICIENT_FUNDS,RETRY_LATER,SUCCESS,True,1909.39
E00341,2603.13,UNKNOWN,REMINDER,FAILED,False,0.0
E00342,561.08,INSUFFICIENT_FUNDS,RETRY_LATER,SUCCESS,True,561.08
E00343,728.81,INSUFFICIENT_FUNDS,RETRY_LATER,FAILED,False,0.0
E00344,5684.58,BANK_TIMEOUT,RETRY_LATER,SUCCESS,True,5684.58
E00345,1443.57,INSUFFICIENT_FUNDS,RETRY_LATER,FAILED,False,0.0
E00346,524.2,NETWORK_ERROR,RETRY_NOW,SUCCESS,True,524.2
E00347,841.65,INSUFFICIENT_FUNDS,RETRY_LATER,FAILED,False,0.0
E00348,1373.74,BANK_TIMEOUT,RETRY_LATER,TIMEOUT,False,0.0
E00349,394.3,BANK_TIMEOUT,RETRY_LATER,SUCCESS,True,394.3
E00350,829.42,CHECKOUT_ABANDONED,REMINDER,FAILED,False,0.0
E00351,1325.87,INSUFFICIENT_FUNDS,RETRY_LATER,FAILED,False,0.0
E00352,254.43,BANK_TIMEOUT,RETRY_LATER,SUCCESS,True,254.43
E00353,531.67,NETWORK_ERROR,RETRY_NOW,FAILED,False,0.0
E00354,694.27,UNKNOWN,REMINDER,SUCCESS,True,694.27
E00355,3497.17,BANK_TIMEOUT,RETRY_LATER,SUCCESS,True,3497.17
E00356,1262.8,INSUFFICIENT_FUNDS,RETRY_LATER,SUCCESS,True,1262.8
E00357,1622.62,BANK_TIMEOUT,RETRY_LATER,FAILED,False,0.0
E00358,881.76,EXPIRED_CARD,PAYMENT_LINK,SUCCESS,True,881.76
E00359,3104.96,CHECKOUT_ABANDONED,REMINDER,SUCCESS,True,3104.96
E00360,1309.16,NETWORK_ERROR,RETRY_NOW,SUCCESS,True,1309.16
E00361,12221.5,NETWORK_ERROR,RETRY_NOW,FAILED,False,0.0
E00362,1043.04,NETWORK_ERROR,RETRY_NOW,SUCCESS,True,1043.04
E00363,1218.04,MANDATE_AUTH_FAILED,ESCALATE,FAILED,False,0.0
E00364,921.05,CHECKOUT_ABANDONED,REMINDER,SUCCESS,True,921.05
E00365,1368.46,CHECKOUT_ABANDONED,REMINDER,FAILED,False,0.0
E00366,2450.82,BANK_TIMEOUT,ESCALATE,FAILED,False,0.0
E00367,586.67,EXPIRED_CARD,PAYMENT_LINK,SUCCESS,True,586.67
E00368,2029.58,BANK_TIMEOUT,RETRY_LATER,FAILED,False,0.0
E00369,591.76,CHECKOUT_ABANDONED,REMINDER,FAILED,False,0.0
E00370,2137.27,BANK_TIMEOUT,RETRY_LATER,SUCCESS,True,2137.27
E00371,631.09,CHECKOUT_ABANDONED,REMINDER,FAILED,False,0.0
E00372,1778.62,NETWORK_ERROR,RETRY_NOW,SUCCESS,True,1778.62
E00373,849.92,INSUFFICIENT_FUNDS,RETRY_LATER,SUCCESS,True,849.92
E00374,776.72,BANK_TIMEOUT,RETRY_LATER,FAILED,False,0.0
E00375,665.4,UNKNOWN,REMINDER,FAILED,False,0.0
E00376,1161.44,MANDATE_AUTH_FAILED,PAYMENT_LINK,SUCCESS,True,1161.44
E00377,1242.63,INSUFFICIENT_FUNDS,RETRY_LATER,FAILED,False,0.0
E00378,2712.68,CHECKOUT_ABANDONED,REMINDER,SUCCESS,True,2712.68
E00379,927.35,EXPIRED_CARD,PAYMENT_LINK,SUCCESS,True,927.35
E00380,1110.73,NETWORK_ERROR,RETRY_NOW,SUCCESS,True,1110.73
E00381,1318.49,BANK_TIMEOUT,RETRY_LATER,SUCCESS,True,1318.49
E00382,398.49,UNKNOWN,REMINDER,FAILED,False,0.0
E00383,424.24,UNKNOWN,REMINDER,SUCCESS,True,424.24
E00384,4809.35,NETWORK_ERROR,RETRY_NOW,SUCCESS,True,4809.35
E00385,2040.39,BANK_TIMEOUT,RETRY_LATER,FAILED,False,0.0
E00386,314.88,CHECKOUT_ABANDONED,REMINDER,SUCCESS,True,314.88
E00387,755.79,BANK_TIMEOUT,RETRY_LATER,SUCCESS,True,755.79
E00388,665.41,UNKNOWN,REMINDER,FAILED,False,0.0
E00389,1149.02,BANK_TIMEOUT,RETRY_LATER,SUCCESS,True,1149.02
E00390,1006.16,NETWORK_ERROR,ESCALATE,SUCCESS,True,1006.16
E00391,2006.62,UNKNOWN,REMINDER,FAILED,False,0.0
E00392,972.33,NETWORK_ERROR,RETRY_NOW,SUCCESS,True,972.33
E00393,457.09,EXPIRED_CARD,PAYMENT_LINK,TIMEOUT,False,0.0
E00394,876.79,NETWORK_ERROR,RETRY_NOW,FAILED,False,0.0
E00395,579.62,BANK_TIMEOUT,RETRY_LATER,FAILED,False,0.0
E00396,1681.88,BANK_TIMEOUT,RETRY_LATER,FAILED,False,0.0
E00397,2627.55,INSUFFICIENT_FUNDS,RETRY_LATER,FAILED,False,0.0
E00398,2014.51,NETWORK_ERROR,RETRY_NOW,SUCCESS,True,2014.51
E00399,455.93,INSUFFICIENT_FUNDS,RETRY_LATER,FAILED,False,0.0
E00400,3837.72,BANK_TIMEOUT,RETRY_LATER,SUCCESS,True,3837.72
E00401,257.56,INSUFFICIENT_FUNDS,RETRY_LATER,FAILED,False,0.0
E00402,1753.53,MANDATE_AUTH_FAILED,PAYMENT_LINK,FAILED,False,0.0
E00403,538.18,INSUFFICIENT_FUNDS,RETRY_LATER,TIMEOUT,False,0.0
E00404,1412.62,CHECKOUT_ABANDONED,REMINDER,SUCCESS,True,1412.62
E00405,827.86,BANK_TIMEOUT,RETRY_LATER,FAILED,False,0.0
E00406,99.0,NETWORK_ERROR,RETRY_NOW,SUCCESS,True,99.0
E00407,1921.33,BANK_TIMEOUT,RETRY_LATER,SUCCESS,True,1921.33
E00408,1097.48,INSUFFICIENT_FUNDS,RETRY_LATER,SUCCESS,True,1097.48
E00409,2329.26,EXPIRED_CARD,PAYMENT_LINK,FAILED,False,0.0
E00410,878.46,NETWORK_ERROR,RETRY_NOW,FAILED,False,0.0
E00411,1813.57,INSUFFICIENT_FUNDS,RETRY_LATER,SUCCESS,True,1813.57
E00412,262.35,EXPIRED_CARD,PAYMENT_LINK,SUCCESS,True,262.35
E00413,2469.18,EXPIRED_CARD,PAYMENT_LINK,SUCCESS,True,2469.18
E00414,3482.26,EXPIRED_CARD,PAYMENT_LINK,FAILED,False,0.0
E00415,709.53,NETWORK_ERROR,RETRY_NOW,SUCCESS,True,709.53
E00416,1698.2,NETWORK_ERROR,RETRY_NOW,TIMEOUT,False,0.0
E00417,1201.58,MANDATE_AUTH_FAILED,PAYMENT_LINK,SUCCESS,True,1201.58
E00418,2252.78,CHECKOUT_ABANDONED,REMINDER,FAILED,False,0.0
E00419,2575.24,MANDATE_AUTH_FAILED,PAYMENT_LINK,SUCCESS,True,2575.24
E00420,690.29,BANK_TIMEOUT,RETRY_LATER,SUCCESS,True,690.29
E00421,1861.29,BANK_TIMEOUT,RETRY_LATER,FAILED,False,0.0
E00422,1752.43,NETWORK_ERROR,RETRY_NOW,SUCCESS,True,1752.43
E00423,1444.07,CHECKOUT_ABANDONED,REMINDER,FAILED,False,0.0
E00424,608.55,EXPIRED_CARD,PAYMENT_LINK,FAILED,False,0.0
E00425,1364.77,BANK_TIMEOUT,RETRY_LATER,FAILED,False,0.0
E00426,2362.38,BANK_TIMEOUT,RETRY_LATER,FAILED,False,0.0
E00427,925.89,CHECKOUT_ABANDONED,REMINDER,FAILED,False,0.0
E00428,2151.85,EXPIRED_CARD,PAYMENT_LINK,SUCCESS,True,2151.85
E00429,874.63,MANDATE_AUTH_FAILED,PAYMENT_LINK,SUCCESS,True,874.63
E00430,1048.93,MANDATE_AUTH_FAILED,PAYMENT_LINK,SUCCESS,True,1048.93
E00431,4756.66,EXPIRED_CARD,PAYMENT_LINK,SUCCESS,True,4756.66
E00432,2268.34,BANK_TIMEOUT,ESCALATE,FAILED,False,0.0
E00433,2832.05,NETWORK_ERROR,RETRY_NOW,SUCCESS,True,2832.05
E00434,1071.43,BANK_TIMEOUT,RETRY_LATER,FAILED,False,0.0
E00435,1397.46,UNKNOWN,REMINDER,FAILED,False,0.0
E00436,3318.71,NETWORK_ERROR,RETRY_NOW,SUCCESS,True,3318.71
E00437,1292.68,CHECKOUT_ABANDONED,REMINDER,FAILED,False,0.0
E00438,2684.33,EXPIRED_CARD,PAYMENT_LINK,SUCCESS,True,2684.33
E00439,993.91,BANK_TIMEOUT,RETRY_LATER,SUCCESS,True,993.91
E00440,1053.99,CHECKOUT_ABANDONED,REMINDER,FAILED,False,0.0
E00441,126.24,BANK_TIMEOUT,RETRY_LATER,FAILED,False,0.0
E00442,1397.82,BANK_TIMEOUT,RETRY_LATER,FAILED,False,0.0
E00443,1553.17,EXPIRED_CARD,PAYMENT_LINK,SUCCESS,True,1553.17
E00444,473.68,BANK_TIMEOUT,RETRY_LATER,FAILED,False,0.0
E00445,1344.35,UNKNOWN,REMINDER,FAILED,False,0.0
E00446,441.21,MANDATE_AUTH_FAILED,PAYMENT_LINK,SUCCESS,True,441.21
E00447,1678.33,BANK_TIMEOUT,RETRY_LATER,SUCCESS,True,1678.33
E00448,2174.16,INSUFFICIENT_FUNDS,RETRY_LATER,SUCCESS,True,2174.16
E00449,1766.41,BANK_TIMEOUT,RETRY_LATER,SUCCESS,True,1766.41
E00450,1374.03,BANK_TIMEOUT,RETRY_LATER,SUCCESS,True,1374.03
E00451,800.45,INSUFFICIENT_FUNDS,RETRY_LATER,FAILED,False,0.0
E00452,3902.57,EXPIRED_CARD,PAYMENT_LINK,SUCCESS,True,3902.57
E00453,1075.47,BANK_TIMEOUT,RETRY_LATER,FAILED,False,0.0
E00454,1809.17,INSUFFICIENT_FUNDS,RETRY_LATER,SUCCESS,True,1809.17
E00455,572.05,UNKNOWN,REMINDER,FAILED,False,0.0
E00456,882.48,NETWORK_ERROR,RETRY_NOW,SUCCESS,True,882.48
E00457,1799.05,INSUFFICIENT_FUNDS,RETRY_LATER,SUCCESS,True,1799.05
E00458,5684.19,CHECKOUT_ABANDONED,REMINDER,SUCCESS,True,5684.19
E00459,2375.39,MANDATE_AUTH_FAILED,PAYMENT_LINK,SUCCESS,True,2375.39
E00460,3032.94,BANK_TIMEOUT,RETRY_LATER,SUCCESS,True,3032.94
E00461,3121.99,CHECKOUT_ABANDONED,REMINDER,SUCCESS,True,3121.99
E00462,1116.57,INSUFFICIENT_FUNDS,RETRY_LATER,FAILED,False,0.0
E00463,1554.37,EXPIRED_CARD,PAYMENT_LINK,SUCCESS,True,1554.37
E00464,541.22,NETWORK_ERROR,RETRY_NOW,FAILED,False,0.0
E00465,1881.76,BANK_TIMEOUT,RETRY_LATER,SUCCESS,True,1881.76
E00466,1544.58,BANK_TIMEOUT,RETRY_LATER,SUCCESS,True,1544.58
E00467,269.04,BANK_TIMEOUT,RETRY_LATER,SUCCESS,True,269.04
E00468,2571.72,BANK_TIMEOUT,ESCALATE,FAILED,False,0.0
E00469,1046.21,NETWORK_ERROR,ESCALATE,SUCCESS,True,1046.21
E00470,483.26,EXPIRED_CARD,PAYMENT_LINK,FAILED,False,0.0
E00471,4625.66,INSUFFICIENT_FUNDS,RETRY_LATER,SUCCESS,True,4625.66
E00472,580.79,BANK_TIMEOUT,RETRY_LATER,SUCCESS,True,580.79
E00473,797.61,CHECKOUT_ABANDONED,REMINDER,SUCCESS,True,797.61
E00474,1099.11,INSUFFICIENT_FUNDS,RETRY_LATER,FAILED,False,0.0
E00475,903.19,NETWORK_ERROR,RETRY_NOW,SUCCESS,True,903.19
E00476,1809.45,BANK_TIMEOUT,ESCALATE,FAILED,False,0.0
E00477,1461.41,NETWORK_ERROR,ESCALATE,SUCCESS,True,1461.41
E00478,2655.08,BANK_TIMEOUT,RETRY_LATER,FAILED,False,0.0
E00479,1022.3,EXPIRED_CARD,PAYMENT_LINK,SUCCESS,True,1022.3
E00480,4576.36,CHECKOUT_ABANDONED,REMINDER,FAILED,False,0.0
E00481,490.03,INSUFFICIENT_FUNDS,RETRY_LATER,FAILED,False,0.0
E00482,1776.25,NETWORK_ERROR,RETRY_NOW,FAILED,False,0.0
E00483,3000.25,EXPIRED_CARD,PAYMENT_LINK,FAILED,False,0.0
E00484,758.1,CHECKOUT_ABANDONED,REMINDER,SUCCESS,True,758.1
E00485,1973.76,BANK_TIMEOUT,RETRY_LATER,FAILED,False,0.0
E00486,370.7,INSUFFICIENT_FUNDS,RETRY_LATER,SUCCESS,True,370.7
E00487,1192.55,BANK_TIMEOUT,RETRY_LATER,SUCCESS,True,1192.55
E00488,1721.1,NETWORK_ERROR,RETRY_NOW,SUCCESS,True,1721.1
E00489,269.94,CHECKOUT_ABANDONED,REMINDER,FAILED,False,0.0
E00490,1587.39,INSUFFICIENT_FUNDS,RETRY_LATER,SUCCESS,True,1587.39
E00491,3174.29,BANK_TIMEOUT,RETRY_LATER,SUCCESS,True,3174.29
E00492,703.07,BANK_TIMEOUT,RETRY_LATER,TIMEOUT,False,0.0
E00493,3027.65,BANK_TIMEOUT,RETRY_LATER,SUCCESS,True,3027.65
E00494,1581.04,BANK_TIMEOUT,RETRY_LATER,SUCCESS,True,1581.04
E00495,1191.38,EXPIRED_CARD,PAYMENT_LINK,SUCCESS,True,1191.38
E00496,184.02,CHECKOUT_ABANDONED,REMINDER,FAILED,False,0.0
E00497,1568.65,MANDATE_AUTH_FAILED,PAYMENT_LINK,FAILED,False,0.0
E00498,2365.08,BANK_TIMEOUT,RETRY_LATER,SUCCESS,True,2365.08
E00499,586.71,EXPIRED_CARD,PAYMENT_LINK,TIMEOUT,False,0.0
E00500,2519.83,BANK_TIMEOUT,ESCALATE,FAILED,False,0.0
E00501,725.85,BANK_TIMEOUT,RETRY_LATER,FAILED,False,0.0
E00502,1287.32,MANDATE_AUTH_FAILED,PAYMENT_LINK,SUCCESS,True,1287.32
E00503,1838.21,INSUFFICIENT_FUNDS,RETRY_LATER,FAILED,False,0.0
E00504,1036.35,BANK_TIMEOUT,RETRY_LATER,SUCCESS,True,1036.35
E00505,1001.24,CHECKOUT_ABANDONED,ESCALATE,SUCCESS,True,1001.24
E00506,4776.99,INSUFFICIENT_FUNDS,RETRY_LATER,FAILED,False,0.0
E00507,269.8,EXPIRED_CARD,PAYMENT_LINK,FAILED,False,0.0
E00508,2867.31,BANK_TIMEOUT,RETRY_LATER,SUCCESS,True,2867.31
E00509,967.23,EXPIRED_CARD,PAYMENT_LINK,SUCCESS,True,967.23
E00510,1001.46,NETWORK_ERROR,RETRY_NOW,SUCCESS,True,1001.46
E00511,1450.32,NETWORK_ERROR,RETRY_NOW,FAILED,False,0.0
E00512,852.59,INSUFFICIENT_FUNDS,RETRY_LATER,FAILED,False,0.0
E00513,6227.51,EXPIRED_CARD,PAYMENT_LINK,FAILED,False,0.0
E00514,1736.6,EXPIRED_CARD,PAYMENT_LINK,SUCCESS,True,1736.6
E00515,1067.42,BANK_TIMEOUT,RETRY_LATER,SUCCESS,True,1067.42
E00516,2545.45,EXPIRED_CARD,PAYMENT_LINK,FAILED,False,0.0
E00517,1560.99,BANK_TIMEOUT,RETRY_LATER,FAILED,False,0.0
E00518,1890.92,BANK_TIMEOUT,RETRY_LATER,SUCCESS,True,1890.92
E00519,963.19,EXPIRED_CARD,PAYMENT_LINK,FAILED,False,0.0
E00520,1216.16,BANK_TIMEOUT,RETRY_LATER,FAILED,False,0.0
E00521,168.57,BANK_TIMEOUT,RETRY_LATER,FAILED,False,0.0
E00522,1958.36,INSUFFICIENT_FUNDS,RETRY_LATER,FAILED,False,0.0
E00523,4422.09,NETWORK_ERROR,RETRY_NOW,SUCCESS,True,4422.09
E00524,2088.93,INSUFFICIENT_FUNDS,RETRY_LATER,SUCCESS,True,2088.93
E00525,1270.98,CHECKOUT_ABANDONED,REMINDER,SUCCESS,True,1270.98
E00526,544.91,MANDATE_AUTH_FAILED,PAYMENT_LINK,SUCCESS,True,544.91
E00527,567.13,NETWORK_ERROR,RETRY_NOW,FAILED,False,0.0
E00528,1676.87,BANK_TIMEOUT,RETRY_LATER,SUCCESS,True,1676.87
E00529,107.7,EXPIRED_CARD,PAYMENT_LINK,SUCCESS,True,107.7
E00530,643.96,NETWORK_ERROR,RETRY_NOW,FAILED,False,0.0
E00531,1413.08,EXPIRED_CARD,PAYMENT_LINK,FAILED,False,0.0
E00532,410.98,MANDATE_AUTH_FAILED,PAYMENT_LINK,SUCCESS,True,410.98
E00533,649.2,UNKNOWN,ESCALATE,SUCCESS,True,649.2
E00534,2517.28,UNKNOWN,REMINDER,FAILED,False,0.0
E00535,1144.27,NETWORK_ERROR,RETRY_NOW,FAILED,False,0.0
E00536,281.82,EXPIRED_CARD,PAYMENT_LINK,FAILED,False,0.0
E00537,1117.79,CHECKOUT_ABANDONED,REMINDER,SUCCESS,True,1117.79
E00538,2097.15,EXPIRED_CARD,PAYMENT_LINK,SUCCESS,True,2097.15
E00539,1130.47,CHECKOUT_ABANDONED,REMINDER,FAILED,False,0.0
E00540,3207.42,INSUFFICIENT_FUNDS,RETRY_LATER,FAILED,False,0.0
E00541,102.96,UNKNOWN,REMINDER,FAILED,False,0.0
E00542,1190.03,CHECKOUT_ABANDONED,REMINDER,FAILED,False,0.0
E00543,119.3,INSUFFICIENT_FUNDS,ESCALATE,FAILED,False,0.0
E00544,1044.93,EXPIRED_CARD,PAYMENT_LINK,TIMEOUT,False,0.0
E00545,2032.01,NETWORK_ERROR,RETRY_NOW,TIMEOUT,False,0.0
E00546,1747.28,MANDATE_AUTH_FAILED,PAYMENT_LINK,FAILED,False,0.0
E00547,968.82,CHECKOUT_ABANDONED,REMINDER,SUCCESS,True,968.82
E00548,2011.79,INSUFFICIENT_FUNDS,RETRY_LATER,SUCCESS,True,2011.79
E00549,3510.01,UNKNOWN,REMINDER,FAILED,False,0.0
E00550,657.57,INSUFFICIENT_FUNDS,RETRY_LATER,TIMEOUT,False,0.0
E00551,589.64,INSUFFICIENT_FUNDS,ESCALATE,TIMEOUT,False,0.0
E00552,4716.79,BANK_TIMEOUT,RETRY_LATER,SUCCESS,True,4716.79
E00553,1635.41,BANK_TIMEOUT,RETRY_LATER,SUCCESS,True,1635.41
E00554,455.49,EXPIRED_CARD,PAYMENT_LINK,FAILED,False,0.0
E00555,1024.44,CHECKOUT_ABANDONED,REMINDER,FAILED,False,0.0
E00556,2273.87,CHECKOUT_ABANDONED,REMINDER,SUCCESS,True,2273.87
E00557,689.79,INSUFFICIENT_FUNDS,RETRY_LATER,SUCCESS,True,689.79
E00558,755.76,MANDATE_AUTH_FAILED,PAYMENT_LINK,SUCCESS,True,755.76
E00559,3484.88,EXPIRED_CARD,PAYMENT_LINK,FAILED,False,0.0
E00560,882.14,INSUFFICIENT_FUNDS,RETRY_LATER,SUCCESS,True,882.14
E00561,1543.69,BANK_TIMEOUT,RETRY_LATER,SUCCESS,True,1543.69
E00562,4393.43,INSUFFICIENT_FUNDS,RETRY_LATER,FAILED,False,0.0
E00563,712.51,EXPIRED_CARD,PAYMENT_LINK,FAILED,False,0.0
E00564,993.86,EXPIRED_CARD,PAYMENT_LINK,FAILED,False,0.0
E00565,3384.99,CHECKOUT_ABANDONED,REMINDER,SUCCESS,True,3384.99
E00566,1188.72,UNKNOWN,REMINDER,SUCCESS,True,1188.72
E00567,1067.13,INSUFFICIENT_FUNDS,RETRY_LATER,FAILED,False,0.0
E00568,619.29,MANDATE_AUTH_FAILED,PAYMENT_LINK,SUCCESS,True,619.29
E00569,353.46,MANDATE_AUTH_FAILED,PAYMENT_LINK,SUCCESS,True,353.46
E00570,1756.75,CHECKOUT_ABANDONED,REMINDER,FAILED,False,0.0
E00571,553.24,MANDATE_AUTH_FAILED,PAYMENT_LINK,SUCCESS,True,553.24
E00572,6005.37,INSUFFICIENT_FUNDS,RETRY_LATER,FAILED,False,0.0
E00573,533.15,EXPIRED_CARD,PAYMENT_LINK,FAILED,False,0.0
E00574,4968.49,INSUFFICIENT_FUNDS,RETRY_LATER,SUCCESS,True,4968.49
E00575,1632.42,CHECKOUT_ABANDONED,REMINDER,SUCCESS,True,1632.42
E00576,853.44,BANK_TIMEOUT,RETRY_LATER,FAILED,False,0.0
E00577,1435.06,EXPIRED_CARD,PAYMENT_LINK,SUCCESS,True,1435.06
E00578,2507.72,BANK_TIMEOUT,RETRY_LATER,FAILED,False,0.0
E00579,765.83,EXPIRED_CARD,PAYMENT_LINK,FAILED,False,0.0
E00580,2739.17,MANDATE_AUTH_FAILED,PAYMENT_LINK,SUCCESS,True,2739.17
E00581,1069.15,MANDATE_AUTH_FAILED,PAYMENT_LINK,SUCCESS,True,1069.15
E00582,291.98,CHECKOUT_ABANDONED,REMINDER,TIMEOUT,False,0.0
E00583,1687.12,EXPIRED_CARD,PAYMENT_LINK,FAILED,False,0.0
E00584,5057.66,INSUFFICIENT_FUNDS,RETRY_LATER,FAILED,False,0.0
E00585,1358.43,BANK_TIMEOUT,ESCALATE,SUCCESS,True,1358.43
E00586,2340.16,CHECKOUT_ABANDONED,REMINDER,SUCCESS,True,2340.16
E00587,662.88,INSUFFICIENT_FUNDS,ESCALATE,FAILED,False,0.0
E00588,1492.36,CHECKOUT_ABANDONED,REMINDER,FAILED,False,0.0
E00589,1866.73,INSUFFICIENT_FUNDS,RETRY_LATER,SUCCESS,True,1866.73
E00590,350.18,INSUFFICIENT_FUNDS,RETRY_LATER,SUCCESS,True,350.18
E00591,2346.85,BANK_TIMEOUT,RETRY_LATER,SUCCESS,True,2346.85
E00592,1032.1,BANK_TIMEOUT,ESCALATE,FAILED,False,0.0
E00593,391.51,CHECKOUT_ABANDONED,REMINDER,SUCCESS,True,391.51
E00594,3496.68,EXPIRED_CARD,PAYMENT_LINK,SUCCESS,True,3496.68
E00595,351.08,CHECKOUT_ABANDONED,REMINDER,FAILED,False,0.0
E00596,299.49,CHECKOUT_ABANDONED,REMINDER,FAILED,False,0.0
E00597,960.82,NETWORK_ERROR,ESCALATE,FAILED,False,0.0
E00598,1796.84,BANK_TIMEOUT,RETRY_LATER,FAILED,False,0.0
E00599,3798.49,CHECKOUT_ABANDONED,REMINDER,FAILED,False,0.0
E00600,504.44,BANK_TIMEOUT,RETRY_LATER,SUCCESS,True,504.44
E00601,1269.63,EXPIRED_CARD,PAYMENT_LINK,SUCCESS,True,1269.63
E00602,1198.15,BANK_TIMEOUT,RETRY_LATER,SUCCESS,True,1198.15
E00603,356.31,EXPIRED_CARD,PAYMENT_LINK,FAILED,False,0.0
E00604,582.37,MANDATE_AUTH_FAILED,PAYMENT_LINK,SUCCESS,True,582.37
E00605,906.02,INSUFFICIENT_FUNDS,RETRY_LATER,FAILED,False,0.0
E00606,1392.57,BANK_TIMEOUT,RETRY_LATER,SUCCESS,True,1392.57
E00607,796.02,BANK_TIMEOUT,RETRY_LATER,TIMEOUT,False,0.0
E00608,687.76,NETWORK_ERROR,RETRY_NOW,FAILED,False,0.0
E00609,2621.27,BANK_TIMEOUT,RETRY_LATER,SUCCESS,True,2621.27
E00610,1816.93,CHECKOUT_ABANDONED,REMINDER,SUCCESS,True,1816.93
E00611,894.71,NETWORK_ERROR,RETRY_NOW,SUCCESS,True,894.71
E00612,2200.77,NETWORK_ERROR,RETRY_NOW,FAILED,False,0.0
E00613,5023.08,EXPIRED_CARD,PAYMENT_LINK,SUCCESS,True,5023.08
E00614,99.0,EXPIRED_CARD,PAYMENT_LINK,FAILED,False,0.0
E00615,1245.88,BANK_TIMEOUT,RETRY_LATER,SUCCESS,True,1245.88
E00616,405.99,BANK_TIMEOUT,RETRY_LATER,SUCCESS,True,405.99
E00617,4066.75,MANDATE_AUTH_FAILED,PAYMENT_LINK,TIMEOUT,False,0.0
E00618,743.5,NETWORK_ERROR,ESCALATE,FAILED,False,0.0
E00619,539.98,NETWORK_ERROR,RETRY_NOW,FAILED,False,0.0
E00620,808.57,EXPIRED_CARD,PAYMENT_LINK,SUCCESS,True,808.57
E00621,495.8,NETWORK_ERROR,RETRY_NOW,SUCCESS,True,495.8
E00622,1705.18,EXPIRED_CARD,PAYMENT_LINK,SUCCESS,True,1705.18
E00623,901.44,INSUFFICIENT_FUNDS,RETRY_LATER,SUCCESS,True,901.44
E00624,455.77,UNKNOWN,REMINDER,TIMEOUT,False,0.0
E00625,3497.31,BANK_TIMEOUT,ESCALATE,SUCCESS,True,3497.31
E00626,781.95,UNKNOWN,REMINDER,FAILED,False,0.0
E00627,356.66,BANK_TIMEOUT,RETRY_LATER,FAILED,False,0.0
E00628,1171.89,MANDATE_AUTH_FAILED,PAYMENT_LINK,FAILED,False,0.0
E00629,3941.83,MANDATE_AUTH_FAILED,PAYMENT_LINK,SUCCESS,True,3941.83
E00630,192.32,BANK_TIMEOUT,RETRY_LATER,SUCCESS,True,192.32
E00631,794.63,BANK_TIMEOUT,RETRY_LATER,SUCCESS,True,794.63
E00632,877.34,EXPIRED_CARD,PAYMENT_LINK,FAILED,False,0.0
E00633,1718.93,CHECKOUT_ABANDONED,REMINDER,FAILED,False,0.0
E00634,1373.61,INSUFFICIENT_FUNDS,RETRY_LATER,FAILED,False,0.0
E00635,1044.82,BANK_TIMEOUT,RETRY_LATER,SUCCESS,True,1044.82
E00636,676.12,MANDATE_AUTH_FAILED,PAYMENT_LINK,FAILED,False,0.0
E00637,1826.42,CHECKOUT_ABANDONED,REMINDER,SUCCESS,True,1826.42
E00638,339.28,CHECKOUT_ABANDONED,REMINDER,FAILED,False,0.0
E00639,1247.59,BANK_TIMEOUT,ESCALATE,SUCCESS,True,1247.59
E00640,1752.05,BANK_TIMEOUT,RETRY_LATER,SUCCESS,True,1752.05
E00641,1303.34,UNKNOWN,REMINDER,FAILED,False,0.0
E00642,3673.62,UNKNOWN,REMINDER,FAILED,False,0.0
E00643,2140.05,NETWORK_ERROR,RETRY_NOW,FAILED,False,0.0
E00644,2523.77,EXPIRED_CARD,PAYMENT_LINK,SUCCESS,True,2523.77
E00645,1011.99,INSUFFICIENT_FUNDS,ESCALATE,SUCCESS,True,1011.99
E00646,1252.73,INSUFFICIENT_FUNDS,RETRY_LATER,FAILED,False,0.0
E00647,543.87,NETWORK_ERROR,RETRY_NOW,FAILED,False,0.0
E00648,504.78,MANDATE_AUTH_FAILED,PAYMENT_LINK,SUCCESS,True,504.78
E00649,1801.26,BANK_TIMEOUT,RETRY_LATER,FAILED,False,0.0
E00650,914.18,UNKNOWN,REMINDER,FAILED,False,0.0
E00651,8846.88,EXPIRED_CARD,ESCALATE,TIMEOUT,False,0.0
E00652,1863.43,EXPIRED_CARD,PAYMENT_LINK,SUCCESS,True,1863.43
E00653,869.02,INSUFFICIENT_FUNDS,ESCALATE,FAILED,False,0.0
E00654,2143.02,CHECKOUT_ABANDONED,REMINDER,FAILED,False,0.0
E00655,3546.58,BANK_TIMEOUT,RETRY_LATER,SUCCESS,True,3546.58
E00656,1016.08,MANDATE_AUTH_FAILED,PAYMENT_LINK,FAILED,False,0.0
E00657,2139.45,CHECKOUT_ABANDONED,REMINDER,FAILED,False,0.0
E00658,363.93,NETWORK_ERROR,ESCALATE,FAILED,False,0.0
E00659,2792.98,CHECKOUT_ABANDONED,REMINDER,FAILED,False,0.0
E00660,1969.15,INSUFFICIENT_FUNDS,RETRY_LATER,FAILED,False,0.0
E00661,99.0,CHECKOUT_ABANDONED,REMINDER,FAILED,False,0.0
E00662,4528.04,MANDATE_AUTH_FAILED,PAYMENT_LINK,SUCCESS,True,4528.04
E00663,3077.46,NETWORK_ERROR,RETRY_NOW,SUCCESS,True,3077.46
E00664,344.95,NETWORK_ERROR,RETRY_NOW,SUCCESS,True,344.95
E00665,1746.07,CHECKOUT_ABANDONED,REMINDER,SUCCESS,True,1746.07
E00666,2048.48,EXPIRED_CARD,PAYMENT_LINK,FAILED,False,0.0
E00667,1406.74,MANDATE_AUTH_FAILED,PAYMENT_LINK,SUCCESS,True,1406.74
E00668,749.5,EXPIRED_CARD,PAYMENT_LINK,SUCCESS,True,749.5
E00669,937.31,BANK_TIMEOUT,RETRY_LATER,SUCCESS,True,937.31
E00670,4061.81,NETWORK_ERROR,RETRY_NOW,SUCCESS,True,4061.81
E00671,1029.4,INSUFFICIENT_FUNDS,ESCALATE,FAILED,False,0.0
E00672,2333.57,BANK_TIMEOUT,RETRY_LATER,FAILED,False,0.0
E00673,502.96,INSUFFICIENT_FUNDS,RETRY_LATER,SUCCESS,True,502.96
E00674,745.16,CHECKOUT_ABANDONED,REMINDER,FAILED,False,0.0
E00675,1359.0,MANDATE_AUTH_FAILED,PAYMENT_LINK,FAILED,False,0.0
E00676,428.34,NETWORK_ERROR,RETRY_NOW,FAILED,False,0.0
E00677,6279.65,INSUFFICIENT_FUNDS,RETRY_LATER,SUCCESS,True,6279.65
E00678,904.17,INSUFFICIENT_FUNDS,RETRY_LATER,SUCCESS,True,904.17
E00679,553.63,BANK_TIMEOUT,RETRY_LATER,FAILED,False,0.0
E00680,234.51,UNKNOWN,REMINDER,FAILED,False,0.0
E00681,2531.69,BANK_TIMEOUT,RETRY_LATER,SUCCESS,True,2531.69
E00682,1333.5,BANK_TIMEOUT,RETRY_LATER,SUCCESS,True,1333.5
E00683,1724.39,BANK_TIMEOUT,RETRY_LATER,FAILED,False,0.0
E00684,1115.54,INSUFFICIENT_FUNDS,RETRY_LATER,SUCCESS,True,1115.54
E00685,329.3,INSUFFICIENT_FUNDS,RETRY_LATER,FAILED,False,0.0
E00686,728.27,NETWORK_ERROR,RETRY_NOW,SUCCESS,True,728.27
E00687,1434.79,INSUFFICIENT_FUNDS,RETRY_LATER,FAILED,False,0.0
E00688,533.87,BANK_TIMEOUT,ESCALATE,FAILED,False,0.0
E00689,2785.34,INSUFFICIENT_FUNDS,ESCALATE,FAILED,False,0.0
E00690,756.29,BANK_TIMEOUT,RETRY_LATER,SUCCESS,True,756.29
E00691,642.54,BANK_TIMEOUT,RETRY_LATER,SUCCESS,True,642.54
E00692,1508.89,NETWORK_ERROR,RETRY_NOW,SUCCESS,True,1508.89
E00693,680.05,UNKNOWN,ESCALATE,FAILED,False,0.0
E00694,777.14,INSUFFICIENT_FUNDS,RETRY_LATER,SUCCESS,True,777.14
E00695,1176.79,INSUFFICIENT_FUNDS,RETRY_LATER,SUCCESS,True,1176.79
E00696,603.65,CHECKOUT_ABANDONED,REMINDER,FAILED,False,0.0
E00697,4003.46,NETWORK_ERROR,RETRY_NOW,FAILED,False,0.0
E00698,639.94,BANK_TIMEOUT,RETRY_LATER,SUCCESS,True,639.94
E00699,2720.69,MANDATE_AUTH_FAILED,PAYMENT_LINK,SUCCESS,True,2720.69
E00700,841.87,BANK_TIMEOUT,RETRY_LATER,FAILED,False,0.0
E00701,770.07,MANDATE_AUTH_FAILED,PAYMENT_LINK,TIMEOUT,False,0.0
E00702,2163.72,EXPIRED_CARD,PAYMENT_LINK,SUCCESS,True,2163.72
E00703,1430.3,BANK_TIMEOUT,RETRY_LATER,FAILED,False,0.0
E00704,1575.71,NETWORK_ERROR,ESCALATE,SUCCESS,True,1575.71
E00705,2843.97,MANDATE_AUTH_FAILED,PAYMENT_LINK,FAILED,False,0.0
E00706,7908.55,EXPIRED_CARD,PAYMENT_LINK,SUCCESS,True,7908.55
E00707,640.2,NETWORK_ERROR,RETRY_NOW,FAILED,False,0.0
E00708,412.32,BANK_TIMEOUT,RETRY_LATER,SUCCESS,True,412.32
E00709,136.52,BANK_TIMEOUT,RETRY_LATER,SUCCESS,True,136.52
E00710,1000.6,INSUFFICIENT_FUNDS,RETRY_LATER,SUCCESS,True,1000.6
E00711,494.57,NETWORK_ERROR,RETRY_NOW,SUCCESS,True,494.57
E00712,3145.05,INSUFFICIENT_FUNDS,RETRY_LATER,FAILED,False,0.0
E00713,1976.36,NETWORK_ERROR,RETRY_NOW,SUCCESS,True,1976.36
E00714,4366.82,INSUFFICIENT_FUNDS,RETRY_LATER,SUCCESS,True,4366.82
E00715,1697.77,CHECKOUT_ABANDONED,REMINDER,FAILED,False,0.0
E00716,1803.75,UNKNOWN,REMINDER,FAILED,False,0.0
E00717,368.53,BANK_TIMEOUT,RETRY_LATER,SUCCESS,True,368.53
E00718,700.98,EXPIRED_CARD,PAYMENT_LINK,FAILED,False,0.0
E00719,977.81,BANK_TIMEOUT,RETRY_LATER,SUCCESS,True,977.81
E00720,1721.79,INSUFFICIENT_FUNDS,RETRY_LATER,SUCCESS,True,1721.79
E00721,1879.37,INSUFFICIENT_FUNDS,RETRY_LATER,SUCCESS,True,1879.37
E00722,576.28,INSUFFICIENT_FUNDS,RETRY_LATER,FAILED,False,0.0
E00723,2003.85,INSUFFICIENT_FUNDS,RETRY_LATER,FAILED,False,0.0
E00724,709.45,INSUFFICIENT_FUNDS,RETRY_LATER,SUCCESS,True,709.45
E00725,2824.5,EXPIRED_CARD,PAYMENT_LINK,SUCCESS,True,2824.5
E00726,2220.24,EXPIRED_CARD,PAYMENT_LINK,FAILED,False,0.0
E00727,2216.75,BANK_TIMEOUT,RETRY_LATER,FAILED,False,0.0
E00728,1786.04,BANK_TIMEOUT,RETRY_LATER,SUCCESS,True,1786.04
E00729,99.0,INSUFFICIENT_FUNDS,RETRY_LATER,FAILED,False,0.0
E00730,368.56,EXPIRED_CARD,PAYMENT_LINK,FAILED,False,0.0
E00731,1779.55,NETWORK_ERROR,RETRY_NOW,SUCCESS,True,1779.55
E00732,280.05,CHECKOUT_ABANDONED,REMINDER,SUCCESS,True,280.05
E00733,2274.28,NETWORK_ERROR,RETRY_NOW,SUCCESS,True,2274.28
E00734,3499.89,INSUFFICIENT_FUNDS,RETRY_LATER,SUCCESS,True,3499.89
E00735,1742.29,EXPIRED_CARD,PAYMENT_LINK,SUCCESS,True,1742.29
E00736,3014.85,CHECKOUT_ABANDONED,REMINDER,FAILED,False,0.0
E00737,898.64,EXPIRED_CARD,PAYMENT_LINK,SUCCESS,True,898.64
E00738,1746.01,MANDATE_AUTH_FAILED,PAYMENT_LINK,FAILED,False,0.0
E00739,2406.5,BANK_TIMEOUT,RETRY_LATER,SUCCESS,True,2406.5
E00740,1140.73,NETWORK_ERROR,ESCALATE,FAILED,False,0.0
E00741,4915.73,CHECKOUT_ABANDONED,REMINDER,SUCCESS,True,4915.73
E00742,99.0,INSUFFICIENT_FUNDS,RETRY_LATER,FAILED,False,0.0
E00743,1060.64,INSUFFICIENT_FUNDS,RETRY_LATER,TIMEOUT,False,0.0
E00744,1181.82,EXPIRED_CARD,PAYMENT_LINK,TIMEOUT,False,0.0
E00745,1350.95,CHECKOUT_ABANDONED,REMINDER,FAILED,False,0.0
E00746,1120.24,BANK_TIMEOUT,RETRY_LATER,SUCCESS,True,1120.24
E00747,1249.16,EXPIRED_CARD,PAYMENT_LINK,SUCCESS,True,1249.16
E00748,2618.7,NETWORK_ERROR,RETRY_NOW,SUCCESS,True,2618.7
E00749,946.5,CHECKOUT_ABANDONED,REMINDER,FAILED,False,0.0
E00750,259.93,MANDATE_AUTH_FAILED,PAYMENT_LINK,SUCCESS,True,259.93
E00751,3522.41,NETWORK_ERROR,RETRY_NOW,SUCCESS,True,3522.41
E00752,1774.98,EXPIRED_CARD,PAYMENT_LINK,FAILED,False,0.0
E00753,747.21,UNKNOWN,REMINDER,FAILED,False,0.0
E00754,366.68,BANK_TIMEOUT,RETRY_LATER,SUCCESS,True,366.68
E00755,3054.02,CHECKOUT_ABANDONED,REMINDER,FAILED,False,0.0
E00756,1173.38,EXPIRED_CARD,PAYMENT_LINK,SUCCESS,True,1173.38
E00757,479.67,BANK_TIMEOUT,RETRY_LATER,SUCCESS,True,479.67
E00758,1463.31,MANDATE_AUTH_FAILED,PAYMENT_LINK,SUCCESS,True,1463.31
E00759,1991.08,INSUFFICIENT_FUNDS,RETRY_LATER,FAILED,False,0.0
E00760,1794.34,CHECKOUT_ABANDONED,REMINDER,SUCCESS,True,1794.34
E00761,1142.95,EXPIRED_CARD,PAYMENT_LINK,SUCCESS,True,1142.95
E00762,645.69,EXPIRED_CARD,PAYMENT_LINK,SUCCESS,True,645.69
E00763,1559.11,INSUFFICIENT_FUNDS,RETRY_LATER,SUCCESS,True,1559.11
E00764,3232.01,MANDATE_AUTH_FAILED,PAYMENT_LINK,SUCCESS,True,3232.01
E00765,3290.48,BANK_TIMEOUT,RETRY_LATER,SUCCESS,True,3290.48
E00766,2457.18,CHECKOUT_ABANDONED,REMINDER,FAILED,False,0.0
E00767,1659.49,BANK_TIMEOUT,RETRY_LATER,FAILED,False,0.0
E00768,593.99,MANDATE_AUTH_FAILED,PAYMENT_LINK,FAILED,False,0.0
E00769,2377.85,CHECKOUT_ABANDONED,REMINDER,SUCCESS,True,2377.85
E00770,2343.14,NETWORK_ERROR,RETRY_NOW,FAILED,False,0.0
E00771,527.83,EXPIRED_CARD,PAYMENT_LINK,SUCCESS,True,527.83
E00772,1274.68,NETWORK_ERROR,RETRY_NOW,SUCCESS,True,1274.68
E00773,1481.49,INSUFFICIENT_FUNDS,RETRY_LATER,FAILED,False,0.0
E00774,4150.88,CHECKOUT_ABANDONED,REMINDER,TIMEOUT,False,0.0
E00775,414.54,CHECKOUT_ABANDONED,REMINDER,FAILED,False,0.0
E00776,643.77,EXPIRED_CARD,PAYMENT_LINK,FAILED,False,0.0
E00777,4208.23,EXPIRED_CARD,PAYMENT_LINK,SUCCESS,True,4208.23
E00778,5975.27,INSUFFICIENT_FUNDS,RETRY_LATER,FAILED,False,0.0
E00779,2125.31,EXPIRED_CARD,PAYMENT_LINK,SUCCESS,True,2125.31
E00780,414.14,EXPIRED_CARD,PAYMENT_LINK,SUCCESS,True,414.14
E00781,3581.88,CHECKOUT_ABANDONED,ESCALATE,FAILED,False,0.0
E00782,2034.05,BANK_TIMEOUT,RETRY_LATER,SUCCESS,True,2034.05
E00783,745.35,BANK_TIMEOUT,RETRY_LATER,SUCCESS,True,745.35
E00784,1597.93,EXPIRED_CARD,PAYMENT_LINK,FAILED,False,0.0
E00785,2561.54,EXPIRED_CARD,PAYMENT_LINK,FAILED,False,0.0
E00786,2531.0,BANK_TIMEOUT,RETRY_LATER,SUCCESS,True,2531.0
E00787,874.52,NETWORK_ERROR,RETRY_NOW,SUCCESS,True,874.52
E00788,355.52,INSUFFICIENT_FUNDS,RETRY_LATER,FAILED,False,0.0
E00789,1539.84,MANDATE_AUTH_FAILED,PAYMENT_LINK,FAILED,False,0.0
E00790,1491.47,BANK_TIMEOUT,RETRY_LATER,FAILED,False,0.0
E00791,1984.46,NETWORK_ERROR,RETRY_NOW,SUCCESS,True,1984.46
E00792,2352.34,CHECKOUT_ABANDONED,REMINDER,TIMEOUT,False,0.0
E00793,2032.12,UNKNOWN,REMINDER,FAILED,False,0.0
E00794,159.5,BANK_TIMEOUT,RETRY_LATER,FAILED,False,0.0
E00795,1906.4,INSUFFICIENT_FUNDS,RETRY_LATER,FAILED,False,0.0
E00796,1046.92,INSUFFICIENT_FUNDS,RETRY_LATER,FAILED,False,0.0
E00797,1033.02,EXPIRED_CARD,PAYMENT_LINK,FAILED,False,0.0
E00798,2721.78,BANK_TIMEOUT,RETRY_LATER,FAILED,False,0.0
E00799,1277.4,CHECKOUT_ABANDONED,REMINDER,FAILED,False,0.0
E00800,862.71,MANDATE_AUTH_FAILED,PAYMENT_LINK,FAILED,False,0.0
E00801,1552.33,INSUFFICIENT_FUNDS,ESCALATE,SUCCESS,True,1552.33
E00802,192.91,INSUFFICIENT_FUNDS,RETRY_LATER,TIMEOUT,False,0.0
E00803,405.19,CHECKOUT_ABANDONED,REMINDER,FAILED,False,0.0
E00804,5370.12,BANK_TIMEOUT,RETRY_LATER,SUCCESS,True,5370.12
E00805,756.63,NETWORK_ERROR,RETRY_NOW,FAILED,False,0.0
E00806,597.71,BANK_TIMEOUT,RETRY_LATER,SUCCESS,True,597.71
E00807,1229.21,INSUFFICIENT_FUNDS,RETRY_LATER,FAILED,False,0.0
E00808,571.7,BANK_TIMEOUT,RETRY_LATER,SUCCESS,True,571.7
E00809,442.14,BANK_TIMEOUT,RETRY_LATER,FAILED,False,0.0
E00810,4109.84,INSUFFICIENT_FUNDS,RETRY_LATER,FAILED,False,0.0
E00811,2084.97,MANDATE_AUTH_FAILED,PAYMENT_LINK,TIMEOUT,False,0.0
E00812,997.49,CHECKOUT_ABANDONED,REMINDER,FAILED,False,0.0
E00813,454.81,CHECKOUT_ABANDONED,REMINDER,FAILED,False,0.0
E00814,3582.8,CHECKOUT_ABANDONED,REMINDER,SUCCESS,True,3582.8
E00815,1732.02,NETWORK_ERROR,RETRY_NOW,SUCCESS,True,1732.02
E00816,291.13,EXPIRED_CARD,PAYMENT_LINK,FAILED,False,0.0
E00817,2830.12,EXPIRED_CARD,PAYMENT_LINK,SUCCESS,True,2830.12
E00818,1912.64,BANK_TIMEOUT,RETRY_LATER,SUCCESS,True,1912.64
E00819,1996.74,MANDATE_AUTH_FAILED,PAYMENT_LINK,SUCCESS,True,1996.74
E00820,2012.8,MANDATE_AUTH_FAILED,PAYMENT_LINK,TIMEOUT,False,0.0
E00821,1128.07,BANK_TIMEOUT,RETRY_LATER,TIMEOUT,False,0.0
E00822,2445.12,CHECKOUT_ABANDONED,REMINDER,SUCCESS,True,2445.12
E00823,1121.67,BANK_TIMEOUT,RETRY_LATER,SUCCESS,True,1121.67
E00824,788.24,BANK_TIMEOUT,RETRY_LATER,SUCCESS,True,788.24
E00825,3472.52,MANDATE_AUTH_FAILED,PAYMENT_LINK,TIMEOUT,False,0.0
E00826,959.37,INSUFFICIENT_FUNDS,RETRY_LATER,SUCCESS,True,959.37
E00827,2232.91,NETWORK_ERROR,RETRY_NOW,SUCCESS,True,2232.91
E00828,1124.9,BANK_TIMEOUT,RETRY_LATER,FAILED,False,0.0
E00829,2036.05,INSUFFICIENT_FUNDS,RETRY_LATER,FAILED,False,0.0
E00830,496.3,NETWORK_ERROR,RETRY_NOW,SUCCESS,True,496.3
E00831,876.33,MANDATE_AUTH_FAILED,PAYMENT_LINK,FAILED,False,0.0
E00832,1081.96,NETWORK_ERROR,RETRY_NOW,FAILED,False,0.0
E00833,1463.8,CHECKOUT_ABANDONED,REMINDER,FAILED,False,0.0
E00834,1424.18,NETWORK_ERROR,RETRY_NOW,SUCCESS,True,1424.18
E00835,1869.55,CHECKOUT_ABANDONED,REMINDER,TIMEOUT,False,0.0
E00836,278.86,EXPIRED_CARD,PAYMENT_LINK,FAILED,False,0.0
E00837,2141.1,INSUFFICIENT_FUNDS,RETRY_LATER,FAILED,False,0.0
E00838,1180.52,MANDATE_AUTH_FAILED,PAYMENT_LINK,SUCCESS,True,1180.52
E00839,418.27,BANK_TIMEOUT,RETRY_LATER,SUCCESS,True,418.27
E00840,889.43,BANK_TIMEOUT,RETRY_LATER,SUCCESS,True,889.43
E00841,332.07,BANK_TIMEOUT,RETRY_LATER,SUCCESS,True,332.07
E00842,99.0,EXPIRED_CARD,PAYMENT_LINK,SUCCESS,True,99.0
E00843,286.73,EXPIRED_CARD,PAYMENT_LINK,SUCCESS,True,286.73
E00844,1103.37,MANDATE_AUTH_FAILED,PAYMENT_LINK,FAILED,False,0.0
E00845,617.28,INSUFFICIENT_FUNDS,ESCALATE,FAILED,False,0.0
E00846,951.96,INSUFFICIENT_FUNDS,ESCALATE,FAILED,False,0.0
E00847,3054.86,BANK_TIMEOUT,RETRY_LATER,SUCCESS,True,3054.86
E00848,3667.66,UNKNOWN,REMINDER,SUCCESS,True,3667.66
E00849,745.84,INSUFFICIENT_FUNDS,RETRY_LATER,FAILED,False,0.0
E00850,194.95,EXPIRED_CARD,PAYMENT_LINK,SUCCESS,True,194.95
E00851,1014.98,INSUFFICIENT_FUNDS,RETRY_LATER,FAILED,False,0.0
E00852,1384.81,NETWORK_ERROR,RETRY_NOW,SUCCESS,True,1384.81
E00853,7673.62,CHECKOUT_ABANDONED,REMINDER,FAILED,False,0.0
E00854,1033.52,NETWORK_ERROR,RETRY_NOW,SUCCESS,True,1033.52
E00855,763.45,NETWORK_ERROR,RETRY_NOW,SUCCESS,True,763.45
E00856,235.61,NETWORK_ERROR,RETRY_NOW,FAILED,False,0.0
E00857,4031.04,EXPIRED_CARD,PAYMENT_LINK,SUCCESS,True,4031.04
E00858,1210.35,NETWORK_ERROR,RETRY_NOW,SUCCESS,True,1210.35
E00859,794.02,BANK_TIMEOUT,RETRY_LATER,FAILED,False,0.0
E00860,4169.44,CHECKOUT_ABANDONED,REMINDER,SUCCESS,True,4169.44
E00861,823.74,EXPIRED_CARD,PAYMENT_LINK,FAILED,False,0.0
E00862,611.17,INSUFFICIENT_FUNDS,RETRY_LATER,FAILED,False,0.0
E00863,2416.04,EXPIRED_CARD,PAYMENT_LINK,FAILED,False,0.0
E00864,908.65,BANK_TIMEOUT,ESCALATE,FAILED,False,0.0
E00865,455.8,EXPIRED_CARD,PAYMENT_LINK,SUCCESS,True,455.8
E00866,2690.22,MANDATE_AUTH_FAILED,PAYMENT_LINK,FAILED,False,0.0
E00867,1378.21,INSUFFICIENT_FUNDS,RETRY_LATER,SUCCESS,True,1378.21
E00868,4501.72,MANDATE_AUTH_FAILED,PAYMENT_LINK,FAILED,False,0.0
E00869,1704.98,INSUFFICIENT_FUNDS,RETRY_LATER,FAILED,False,0.0
E00870,1434.04,UNKNOWN,REMINDER,FAILED,False,0.0
E00871,1543.34,INSUFFICIENT_FUNDS,RETRY_LATER,SUCCESS,True,1543.34
E00872,401.21,INSUFFICIENT_FUNDS,RETRY_LATER,FAILED,False,0.0
E00873,2794.18,INSUFFICIENT_FUNDS,RETRY_LATER,SUCCESS,True,2794.18
E00874,687.04,BANK_TIMEOUT,RETRY_LATER,SUCCESS,True,687.04
E00875,799.69,MANDATE_AUTH_FAILED,PAYMENT_LINK,FAILED,False,0.0
E00876,371.73,NETWORK_ERROR,RETRY_NOW,FAILED,False,0.0
E00877,609.06,NETWORK_ERROR,RETRY_NOW,SUCCESS,True,609.06
E00878,2522.13,MANDATE_AUTH_FAILED,PAYMENT_LINK,SUCCESS,True,2522.13
E00879,250.37,MANDATE_AUTH_FAILED,PAYMENT_LINK,SUCCESS,True,250.37
E00880,686.54,EXPIRED_CARD,PAYMENT_LINK,SUCCESS,True,686.54
E00881,2769.13,INSUFFICIENT_FUNDS,RETRY_LATER,SUCCESS,True,2769.13
E00882,2609.9,BANK_TIMEOUT,RETRY_LATER,SUCCESS,True,2609.9
E00883,1337.33,EXPIRED_CARD,PAYMENT_LINK,FAILED,False,0.0
E00884,2175.27,BANK_TIMEOUT,RETRY_LATER,SUCCESS,True,2175.27
E00885,985.79,EXPIRED_CARD,PAYMENT_LINK,FAILED,False,0.0
E00886,1723.16,CHECKOUT_ABANDONED,REMINDER,FAILED,False,0.0
E00887,1573.75,BANK_TIMEOUT,RETRY_LATER,SUCCESS,True,1573.75
E00888,1655.14,EXPIRED_CARD,PAYMENT_LINK,TIMEOUT,False,0.0
E00889,1133.62,MANDATE_AUTH_FAILED,PAYMENT_LINK,TIMEOUT,False,0.0
E00890,2417.96,NETWORK_ERROR,RETRY_NOW,FAILED,False,0.0
E00891,2027.07,CHECKOUT_ABANDONED,REMINDER,FAILED,False,0.0
E00892,756.39,EXPIRED_CARD,PAYMENT_LINK,FAILED,False,0.0
E00893,2915.02,CHECKOUT_ABANDONED,REMINDER,FAILED,False,0.0
E00894,3224.74,BANK_TIMEOUT,RETRY_LATER,FAILED,False,0.0
E00895,2304.06,EXPIRED_CARD,PAYMENT_LINK,SUCCESS,True,2304.06
E00896,545.12,NETWORK_ERROR,RETRY_NOW,TIMEOUT,False,0.0
E00897,524.91,EXPIRED_CARD,PAYMENT_LINK,SUCCESS,True,524.91
E00898,1777.93,MANDATE_AUTH_FAILED,PAYMENT_LINK,SUCCESS,True,1777.93
E00899,1274.08,BANK_TIMEOUT,RETRY_LATER,FAILED,False,0.0
E00900,460.47,EXPIRED_CARD,PAYMENT_LINK,FAILED,False,0.0
E00901,1824.75,INSUFFICIENT_FUNDS,RETRY_LATER,SUCCESS,True,1824.75
E00902,1239.14,NETWORK_ERROR,RETRY_NOW,SUCCESS,True,1239.14
E00903,2386.73,BANK_TIMEOUT,RETRY_LATER,FAILED,False,0.0
E00904,1842.03,EXPIRED_CARD,PAYMENT_LINK,SUCCESS,True,1842.03
E00905,786.23,MANDATE_AUTH_FAILED,PAYMENT_LINK,FAILED,False,0.0
E00906,1021.97,INSUFFICIENT_FUNDS,RETRY_LATER,FAILED,False,0.0
E00907,1157.8,EXPIRED_CARD,PAYMENT_LINK,SUCCESS,True,1157.8
E00908,1150.64,NETWORK_ERROR,ESCALATE,FAILED,False,0.0
E00909,891.88,MANDATE_AUTH_FAILED,PAYMENT_LINK,SUCCESS,True,891.88
E00910,1407.81,CHECKOUT_ABANDONED,REMINDER,SUCCESS,True,1407.81
E00911,3241.91,MANDATE_AUTH_FAILED,PAYMENT_LINK,FAILED,False,0.0
E00912,860.48,EXPIRED_CARD,PAYMENT_LINK,SUCCESS,True,860.48
E00913,4664.38,NETWORK_ERROR,RETRY_NOW,FAILED,False,0.0
E00914,1070.95,CHECKOUT_ABANDONED,REMINDER,FAILED,False,0.0
E00915,244.54,INSUFFICIENT_FUNDS,ESCALATE,SUCCESS,True,244.54
E00916,6779.04,CHECKOUT_ABANDONED,REMINDER,FAILED,False,0.0
E00917,570.13,BANK_TIMEOUT,RETRY_LATER,SUCCESS,True,570.13
E00918,1178.32,INSUFFICIENT_FUNDS,RETRY_LATER,FAILED,False,0.0
E00919,1006.43,EXPIRED_CARD,PAYMENT_LINK,SUCCESS,True,1006.43
E00920,3082.8,CHECKOUT_ABANDONED,REMINDER,SUCCESS,True,3082.8
E00921,463.35,MANDATE_AUTH_FAILED,PAYMENT_LINK,SUCCESS,True,463.35
E00922,397.34,CHECKOUT_ABANDONED,REMINDER,SUCCESS,True,397.34
E00923,1604.9,NETWORK_ERROR,RETRY_NOW,SUCCESS,True,1604.9
E00924,206.43,CHECKOUT_ABANDONED,ESCALATE,SUCCESS,True,206.43
E00925,4924.07,MANDATE_AUTH_FAILED,PAYMENT_LINK,TIMEOUT,False,0.0
E00926,871.77,INSUFFICIENT_FUNDS,RETRY_LATER,SUCCESS,True,871.77
E00927,1184.22,EXPIRED_CARD,PAYMENT_LINK,FAILED,False,0.0
E00928,2131.82,INSUFFICIENT_FUNDS,RETRY_LATER,SUCCESS,True,2131.82
E00929,1113.05,EXPIRED_CARD,PAYMENT_LINK,SUCCESS,True,1113.05
E00930,4131.82,NETWORK_ERROR,RETRY_NOW,FAILED,False,0.0
E00931,1261.72,BANK_TIMEOUT,RETRY_LATER,SUCCESS,True,1261.72
E00932,618.36,BANK_TIMEOUT,RETRY_LATER,FAILED,False,0.0
E00933,477.96,EXPIRED_CARD,PAYMENT_LINK,FAILED,False,0.0
E00934,640.03,INSUFFICIENT_FUNDS,RETRY_LATER,SUCCESS,True,640.03
E00935,3853.93,MANDATE_AUTH_FAILED,PAYMENT_LINK,FAILED,False,0.0
E00936,2399.0,MANDATE_AUTH_FAILED,PAYMENT_LINK,SUCCESS,True,2399.0
E00937,1536.31,INSUFFICIENT_FUNDS,RETRY_LATER,SUCCESS,True,1536.31
E00938,2859.27,BANK_TIMEOUT,RETRY_LATER,SUCCESS,True,2859.27
E00939,1353.15,NETWORK_ERROR,RETRY_NOW,FAILED,False,0.0
E00940,1445.3,INSUFFICIENT_FUNDS,RETRY_LATER,SUCCESS,True,1445.3
E00941,1717.87,NETWORK_ERROR,RETRY_NOW,SUCCESS,True,1717.87
E00942,2498.57,BANK_TIMEOUT,RETRY_LATER,SUCCESS,True,2498.57
E00943,1049.51,BANK_TIMEOUT,RETRY_LATER,SUCCESS,True,1049.51
E00944,365.58,INSUFFICIENT_FUNDS,RETRY_LATER,FAILED,False,0.0
E00945,412.29,BANK_TIMEOUT,RETRY_LATER,SUCCESS,True,412.29
E00946,1252.48,CHECKOUT_ABANDONED,REMINDER,SUCCESS,True,1252.48
E00947,1323.09,EXPIRED_CARD,PAYMENT_LINK,SUCCESS,True,1323.09
E00948,2212.93,BANK_TIMEOUT,RETRY_LATER,FAILED,False,0.0
E00949,483.72,EXPIRED_CARD,PAYMENT_LINK,SUCCESS,True,483.72
E00950,2885.64,MANDATE_AUTH_FAILED,PAYMENT_LINK,FAILED,False,0.0
E00951,2097.35,CHECKOUT_ABANDONED,REMINDER,FAILED,False,0.0
E00952,1801.18,NETWORK_ERROR,RETRY_NOW,FAILED,False,0.0
E00953,492.48,NETWORK_ERROR,RETRY_NOW,TIMEOUT,False,0.0
E00954,2857.03,BANK_TIMEOUT,RETRY_LATER,SUCCESS,True,2857.03
E00955,993.29,BANK_TIMEOUT,RETRY_LATER,SUCCESS,True,993.29
E00956,1701.93,INSUFFICIENT_FUNDS,RETRY_LATER,FAILED,False,0.0
E00957,1467.34,CHECKOUT_ABANDONED,REMINDER,FAILED,False,0.0
E00958,4323.61,CHECKOUT_ABANDONED,REMINDER,SUCCESS,True,4323.61
E00959,1570.5,UNKNOWN,REMINDER,SUCCESS,True,1570.5
E00960,2099.47,NETWORK_ERROR,RETRY_NOW,FAILED,False,0.0
E00961,1416.17,MANDATE_AUTH_FAILED,ESCALATE,SUCCESS,True,1416.17
E00962,967.13,MANDATE_AUTH_FAILED,PAYMENT_LINK,SUCCESS,True,967.13
E00963,813.4,BANK_TIMEOUT,RETRY_LATER,SUCCESS,True,813.4
E00964,1577.22,BANK_TIMEOUT,RETRY_LATER,SUCCESS,True,1577.22
E00965,865.72,CHECKOUT_ABANDONED,REMINDER,FAILED,False,0.0
E00966,230.54,INSUFFICIENT_FUNDS,RETRY_LATER,FAILED,False,0.0
E00967,1047.11,INSUFFICIENT_FUNDS,RETRY_LATER,SUCCESS,True,1047.11
E00968,3628.67,BANK_TIMEOUT,RETRY_LATER,SUCCESS,True,3628.67
E00969,586.14,BANK_TIMEOUT,RETRY_LATER,SUCCESS,True,586.14
E00970,329.16,BANK_TIMEOUT,RETRY_LATER,SUCCESS,True,329.16
E00971,2337.19,NETWORK_ERROR,RETRY_NOW,FAILED,False,0.0
E00972,836.1,INSUFFICIENT_FUNDS,RETRY_LATER,SUCCESS,True,836.1
E00973,511.71,UNKNOWN,REMINDER,FAILED,False,0.0
E00974,1422.27,INSUFFICIENT_FUNDS,RETRY_LATER,SUCCESS,True,1422.27
E00975,1937.72,CHECKOUT_ABANDONED,REMINDER,FAILED,False,0.0
E00976,531.5,EXPIRED_CARD,PAYMENT_LINK,SUCCESS,True,531.5
E00977,557.41,UNKNOWN,ESCALATE,FAILED,False,0.0
E00978,1261.37,INSUFFICIENT_FUNDS,RETRY_LATER,TIMEOUT,False,0.0
E00979,2106.53,INSUFFICIENT_FUNDS,RETRY_LATER,SUCCESS,True,2106.53
E00980,1384.1,EXPIRED_CARD,PAYMENT_LINK,SUCCESS,True,1384.1
E00981,2627.8,BANK_TIMEOUT,RETRY_LATER,FAILED,False,0.0
E00982,1028.28,BANK_TIMEOUT,RETRY_LATER,SUCCESS,True,1028.28
E00983,99.0,EXPIRED_CARD,PAYMENT_LINK,SUCCESS,True,99.0
E00984,1077.92,BANK_TIMEOUT,RETRY_LATER,SUCCESS,True,1077.92
E00985,3189.28,UNKNOWN,REMINDER,FAILED,False,0.0
E00986,2174.83,CHECKOUT_ABANDONED,REMINDER,FAILED,False,0.0
E00987,607.79,UNKNOWN,REMINDER,FAILED,False,0.0
E00988,497.49,CHECKOUT_ABANDONED,REMINDER,TIMEOUT,False,0.0
E00989,1257.18,INSUFFICIENT_FUNDS,RETRY_LATER,SUCCESS,True,1257.18
E00990,1755.15,NETWORK_ERROR,RETRY_NOW,SUCCESS,True,1755.15
E00991,982.05,NETWORK_ERROR,RETRY_NOW,FAILED,False,0.0
E00992,1859.49,INSUFFICIENT_FUNDS,RETRY_LATER,TIMEOUT,False,0.0
E00993,998.64,UNKNOWN,ESCALATE,FAILED,False,0.0
E00994,1004.67,INSUFFICIENT_FUNDS,RETRY_LATER,SUCCESS,True,1004.67
E00995,1839.82,CHECKOUT_ABANDONED,REMINDER,FAILED,False,0.0
E00996,1218.06,BANK_TIMEOUT,RETRY_LATER,FAILED,False,0.0
E00997,4415.28,EXPIRED_CARD,PAYMENT_LINK,FAILED,False,0.0
E00998,1804.78,INSUFFICIENT_FUNDS,RETRY_LATER,SUCCESS,True,1804.78
E00999,1173.57,EXPIRED_CARD,PAYMENT_LINK,SUCCESS,True,1173.57